ID,Local_ID,Language_ID,Parameter_ID,Value,Form,Segments,Comment,Source,Cognacy,Loan,Graphemes,Profile
Pech-207_yousingular-1,,Pech,207_yousingular,pa,pa,,,,,,,
Atanques-207_yousingular-1,,Atanques,207_yousingular,⊘,⊘,,,,,,,
Damana-207_yousingular-1,,Damana,207_yousingular,ma,ma,,,,,,,
Ika-207_yousingular-1,,Ika,207_yousingular,ma,ma,,,,,,,
Kogi-207_yousingular-1,,Kogi,207_yousingular,ˈma,ˈma,,,,,,,
Pech-55_he-1,,Pech,55_he,"ãːɲã̀ʔ, éka, †awáʔá ",ãːɲã̀ʔ,,,,,,,
Atanques-55_he-1,,Atanques,55_he,⊘,⊘,,,,,,,
Damana-55_he-1,,Damana,55_he,ɨˈna,ɨˈna,,,,,,,
Ika-55_he-1,,Ika,55_he,"a, ˈəʒa",a,,,,,,,
Kogi-55_he-1,,Kogi,55_he,ẽhiˈe,ẽhiˈe,,,,,,,
Pech-190_we-1,,Pech,190_we,ũ̀tas ,ũ̀tas,,,,,,,
Atanques-190_we-1,,Atanques,190_we,<nábi>,<nábi>,,,,,,,
Damana-190_we-1,,Damana,190_we,nawi-ndina,nawi-ndina,,,,,,,
Ika-190_we-1,,Ika,190_we,ˈniwi,ˈniwi,,,,,,,
Kogi-190_we-1,,Kogi,190_we,nasɨŋ,nasɨŋ,,,,,,,
Pech-206_youplural-1,,Pech,206_youplural,"pahwã́niteh, paʔpaɾi",pahwã́niteh,,,,,,,
Atanques-206_youplural-1,,Atanques,206_youplural,⊘,⊘,,,,,,,
Damana-206_youplural-1,,Damana,206_youplural,mawi-ndina,mawi-ndina,,,,,,,
Ika-206_youplural-1,,Ika,206_youplural,ˈmiwi,ˈmiwi,,,,,,,
Kogi-206_youplural-1,,Kogi,206_youplural,ˈmaiŋ ,ˈmaiŋ,,,,,,,
Pech-123_they-1,,Pech,123_they,éːkawã̀hã́,éːkawã̀hã́,,,,,,,
Atanques-123_they-1,,Atanques,123_they,⊘,⊘,,,,,,,
Damana-123_they-1,,Damana,123_they,ihkɨˈna,ihkɨˈna,,,,,,,
Ika-123_they-1,,Ika,123_they,iˈkəŋaʔ,iˈkəŋaʔ,,,,,,,
Kogi-123_they-1,,Kogi,123_they,ˈe-kkuẽ,ˈe-kkuẽ,,,,,,,
Pech-126_this-1,,Pech,126_this,"ĩ- ~ ĩɲ, †ihĩː / ihiːɲ",ĩ-,,,,,,,
Atanques-126_this-1,,Atanques,126_this,<mahtembáyene>,<mahtembáyene>,,,,,,,
Damana-126_this-1,,Damana,126_this,ima,ima,,,,,,,
Ika-126_this-1,,Ika,126_this,ˈeima,ˈeima,,,,,,,
Kogi-126_this-1,,Kogi,126_this,h-ˈalde,h-ˈalde,,,,,,,
Pech-121_that-1,,Pech,121_that,"àʔa, ã́ka, †aʔani, †atá",àʔa,,,,,,,
Atanques-121_that-1,,Atanques,121_that,<fúa>,<fúa>,,,,,,,
Damana-121_that-1,,Damana,121_that,me-ma nɨn-ka ,me-ma nɨn-ka,,,,,,,
Ika-121_that-1,,Ika,121_that,ʒɨka,ʒɨka,,,,,,,
Kogi-121_that-1,,Kogi,121_that,tu-ˈalde,tu-ˈalde,,,,,,,
Pech-59_here-1,,Pech,59_here,"ĩjãh, ɲã́h-ã́",ĩjãh,,,,,,,
Atanques-59_here-1,,Atanques,59_here,<enámba>,<enámba>,,,,,,,
Damana-59_here-1,,Damana,59_here,ima-mba,ima-mba,,,,,,,
Ika-59_here-1,,Ika,59_here,"ˈemi, ˈənkeʔ ",ˈemi,,,,,,,
Kogi-59_here-1,,Kogi,59_here,h-ˈai,h-ˈai,,,,,,,
Pech-122_there-1,,Pech,122_there,"ã̀ːʃã́ʔ, aːɲã́h, ã̀jã́ ",ã̀ːʃã́ʔ,,,,,,,
Atanques-122_there-1,,Atanques,122_there,<jiskú>,<jiskú>,,,,,,,
Damana-122_there-1,,Damana,122_there,me-ku,me-ku,,,,,,,
Ika-122_there-1,,Ika,122_there,"ˈʒami, eˈmaʔba",ˈʒami,,,,,,,
Kogi-122_there-1,,Kogi,122_there,ˈexə ,ˈexə,,,,,,,
Pech-196_who-1,,Pech,196_who,"ĩ-jã, tá(ː)-",ĩ-jã,,,,,,,
Atanques-196_who-1,,Atanques,196_who,⊘,⊘,,,,,,,
Damana-196_who-1,,Damana,196_who,nene,nene,,,,,,,
Ika-196_who-1,,Ika,196_who,"ˈinɨ, ˈbema ",ˈinɨ,,,,,,,
Kogi-196_who-1,,Kogi,196_who,ˈmẽ,ˈmẽ,,,,,,,
Pech-192_what-1,,Pech,192_what,"ĩ, ĩkàn, ĩráhẫh, †itaja ",ĩ,,,,,,,
Atanques-192_what-1,,Atanques,192_what,⊘,⊘,,,,,,,
Damana-192_what-1,,Damana,192_what,ni,ni,,,,,,,
Ika-192_what-1,,Ika,192_what,ˈinɨ,ˈinɨ,,,,,,,
Kogi-192_what-1,,Kogi,192_what,ˈhi,ˈhi,,,,,,,
Pech-194_where-1,,Pech,194_where,"pì(j)áh, pijã́h-a",pìáh,,,,,,,
Atanques-194_where-1,,Atanques,194_where,⊘,⊘,,,,,,,
Damana-194_where-1,,Damana,194_where,biɡu,biɡu,,,,,,,
Ika-194_where-1,,Ika,194_where,bekɨ,bekɨ,,,,,,,
Kogi-194_where-1,,Kogi,194_where,"ˈmijə, ˈmaʃi, ˈmani ",ˈmijə,,,,,,,
Pech-193_when-1,,Pech,193_when,"ã̀ːhĩ, ãhíːni, ĩ-kwáɾ",ã̀ːhĩ,,,,,,,
Atanques-193_when-1,,Atanques,193_when,<chan>,<chan>,,,,,,,
Damana-193_when-1,,Damana,193_when,buje,buje,,,,,,,
Ika-193_when-1,,Ika,193_when,bin zar-i ,bin zar-i,,,,,,,
Kogi-193_when-1,,Kogi,193_when,miˈʦə-k,miˈʦə-k,,,,,,,
Pech-61_how-1,,Pech,61_how,ĩkàn,ĩkàn,,,,,,,
Atanques-61_how-1,,Atanques,61_how,⊘,⊘,,,,,,,
Damana-61_how-1,,Damana,61_how,ɨnʒina,ɨnʒina,,,,,,,
Ika-61_how-1,,Ika,61_how,ˈazi,ˈazi,,,,,,,
Kogi-61_how-1,,Kogi,61_how,saˈki,saˈki,,,,,,,
Pech-87_not-1,,Pech,87_not,⊘,⊘,,,,,,,
Atanques-87_not-1,,Atanques,87_not,<uá>,<uá>,,,,,,,
Damana-87_not-1,,Damana,87_not,ə̃ʔə,ə̃ʔə,,,,,,,
Ika-87_not-1,,Ika,87_not,"ˈneki, ˈneʔki ",ˈneki,,,,,,,
Kogi-87_not-1,,Kogi,87_not,"ə̃ʔə̃, nəldə-ˈɡəlde",ə̃ʔə̃,,,,,,,
Pech-2_all-1,,Pech,2_all,"kɾi, kɾikɾi, kɾiɾã́",kɾi,,,,,,,
Atanques-2_all-1,,Atanques,2_all,⊘,⊘,,,,,,,
Damana-2_all-1,,Damana,2_all,kɨ-nɡwi,kɨ-nɡwi,,,,,,,
Ika-2_all-1,,Ika,2_all,"pin, ʒoᵘ",pin,,,,,,,
Kogi-2_all-1,,Kogi,2_all,salˈdiŋə,salˈdiŋə,,,,,,,
Pech-75_many-1,,Pech,75_many,"peɾ(a), wéʔ",peɾ,,,,,,,
Atanques-75_many-1,,Atanques,75_many,⊘,⊘,,,,,,,
Damana-75_many-1,,Damana,75_many,"biɡˈwi, kumiŋʃa ",biɡˈwi,,,,,,,
Ika-75_many-1,,Ika,75_many,"reʔˈmasi, zəɡuˈro ",reʔˈmasi,,,,,,,
Kogi-75_many-1,,Kogi,75_many,məˈʧuwi,məˈʧuwi,,,,,,,
Pech-114_some-1,,Pech,114_some,"aɾwéʔwa, ásná",aɾwéʔwa,,,,,,,
Atanques-114_some-1,,Atanques,114_some,⊘,⊘,,,,,,,
Damana-114_some-1,,Damana,114_some,⊘,⊘,,,,,,,
Ika-114_some-1,,Ika,114_some,⊘,⊘,,,,,,,
Kogi-114_some-1,,Kogi,114_some,⊘,⊘,,,,,,,
Pech-37_few-1,,Pech,37_few,"ikína, poːkmã́jh",ikína,,,,,,,
Atanques-37_few-1,,Atanques,37_few,<uü>,<uü>,,,,,,,
Damana-37_few-1,,Damana,37_few,ˈunɡwɨzi,ˈunɡwɨzi,,,,,,,
Ika-37_few-1,,Ika,37_few,inˈɡɨ,inˈɡɨ,,,,,,,
Kogi-37_few-1,,Kogi,37_few,ˈnãuwə ˈme ,ˈnãuwə ˈme,,,,,,,
Pech-90_other-1,,Pech,90_other,"àːkwa, akwáh",àːkwa,,,,,,,
Atanques-90_other-1,,Atanques,90_other,<eingüi>,<eingüi>,,,,,,,
Damana-90_other-1,,Damana,90_other,"inˈɡwi-nɨn-ka, ɨndua ",inˈɡwi-nɨn-ka,,,,,,,
Ika-90_other-1,,Ika,90_other,"ˈinʔɡwi, əʤwa ",ˈinʔɡwi,,,,,,,
Kogi-90_other-1,,Kogi,90_other,"ˈezua-ne, aˈxauʧi",ˈezua-ne,,,,,,,
Pech-89_one-1,,Pech,89_one,ás,ás,,,,,,,
Atanques-89_one-1,,Atanques,89_one,⊘,⊘,,,,,,,
Damana-89_one-1,,Damana,89_one,inɡwi,inɡwi,,,,,,,
Ika-89_one-1,,Ika,89_one,ˈinʔɡwi,ˈinʔɡwi,,,,,,,
Kogi-89_one-1,,Kogi,89_one,ˈezua,ˈezua,,,,,,,
Pech-187_two-1,,Pech,187_two,póːk,póːk,,,,,,,
Atanques-187_two-1,,Atanques,187_two,<moga>,<moga>,,,,,,,
Damana-187_two-1,,Damana,187_two,mowa,mowa,,,,,,,
Ika-187_two-1,,Ika,187_two,ˈmoᵘɡa,ˈmoᵘɡa,,,,,,,
Kogi-187_two-1,,Kogi,187_two,ˈmoʒũa,ˈmoʒũa,,,,,,,
Pech-127_three-1,,Pech,127_three,mã̀jh/mã́jh,mã̀jh,,,,,,,
Atanques-127_three-1,,Atanques,127_three,<ména>,<ména>,,,,,,,
Damana-127_three-1,,Damana,127_three,majɡwa,majɡwa,,,,,,,
Ika-127_three-1,,Ika,127_three,ˈmaikənɨ,ˈmaikənɨ,,,,,,,
Kogi-127_three-1,,Kogi,127_three,ˈmaiɡũə,ˈmaiɡũə,,,,,,,
Pech-46_four-1,,Pech,46_four,kàh,kàh,,,,,,,
Atanques-46_four-1,,Atanques,46_four,<makéua>,<makéua>,,,,,,,
Damana-46_four-1,,Damana,46_four,makeɡwa,makeɡwa,,,,,,,
Ika-46_four-1,,Ika,46_four,maʔˈkeiwa,maʔˈkeiwa,,,,,,,
Kogi-46_four-1,,Kogi,46_four,məkˈkãiwa,məkˈkãiwa,,,,,,,
Pech-41_five-1,,Pech,41_five,"ã̀wki, õkí",ã̀wki,,,,,,,
Atanques-41_five-1,,Atanques,41_five,<achíua>,<achíua>,,,,,,,
Damana-41_five-1,,Damana,41_five,ɨhtiɡwa,ɨhtiɡwa,,,,,,,
Ika-41_five-1,,Ika,41_five,aˈsewa,aˈsewa,,,,,,,
Kogi-41_five-1,,Kogi,41_five,həˈʧĩwə,həˈʧĩwə,,,,,,,
Pech-13_big-1,,Pech,13_big,"aʔká, ɲã̀ʔtã́h-, ú(ː)já, †naka",aʔká,,,,,,,
Atanques-13_big-1,,Atanques,13_big,<achuikánke>,<achuikánke>,,,,,,,
Damana-13_big-1,,Damana,13_big,tiu-kwe-ɡa,tiu-kwe-ɡa,,,,,,,
Ika-13_big-1,,Ika,13_big,awə́nʔ kawa,awə́nʔ kawa,,,,,,,
Kogi-13_big-1,,Kogi,13_big,əˈtemə,əˈtemə,,,,,,,
Pech-72_long-1,,Pech,72_long,bìkti,bìkti,,,,,,,
Atanques-72_long-1,,Atanques,72_long,⊘,⊘,,,,,,,
Damana-72_long-1,,Damana,72_long,ri-i-nuk-ka,ri-i-nuk-ka,,,,,,,
Ika-72_long-1,,Ika,72_long,ˈɡari,ˈɡari,,,,,,,
Kogi-72_long-1,,Kogi,72_long,ˈwẽ-ʒi-luk-ka,ˈwẽ-ʒi-luk-ka,,,,,,,
Pech-197_wide-1,,Pech,197_wide,"kapòkka, pákpákta",kapòkka,,,,,,,
Atanques-197_wide-1,,Atanques,197_wide,<guanyúnke>,<guanyúnke>,,,,,,,
Damana-197_wide-1,,Damana,197_wide,ˈkaʔjeʔ,ˈkaʔjeʔ,,,,,,,
Ika-197_wide-1,,Ika,197_wide,sɨrum-pɨn-ɡwa-ɡa,sɨrum-pɨn-ɡwa-ɡa,,,,,,,
Kogi-197_wide-1,,Kogi,197_wide,ˈwe-pa-ku-e,ˈwe-pa-ku-e,,,,,,,
Pech-124_thick-1,,Pech,124_thick,"atíʔpaɾí, √ bìh, bìhbìhna, màssí, pakkapàhná",atíʔpaɾí,,,,,,,
Atanques-124_thick-1,,Atanques,124_thick,<kitiangue kuake>,<kitiangue kuake>,,,,,,,
Damana-124_thick-1,,Damana,124_thick,i-nɡewa-ɡa,i-nɡewa-ɡa,,,,,,,
Ika-124_thick-1,,Ika,124_thick,ˈʧinʧin,ˈʧinʧin,,,,,,,
Kogi-124_thick-1,,Kogi,124_thick,ˈwe-l-tok-ka,ˈwe-l-tok-ka,,,,,,,
Pech-58_heavy-1,,Pech,58_heavy, †peha,†peha,,,,,,,
Atanques-58_heavy-1,,Atanques,58_heavy,⊘,⊘,,,,,,,
Damana-58_heavy-1,,Damana,58_heavy,ɡɨ a-nʒɨn-ɡa ,ɡɨ a-nʒɨn-ɡa,,,,,,,
Ika-58_heavy-1,,Ika,58_heavy,mɨ aʔˈzɨna ,mɨ aʔˈzɨna,,,,,,,
Kogi-58_heavy-1,,Kogi,58_heavy,hiˈe ak-ˈze,hiˈe ak-ˈze,,,,,,,
Pech-109_small-1,,Pech,109_small,"ajéʔa, jéʔá",ajéʔa,,,,,,,
Atanques-109_small-1,,Atanques,109_small,⊘,⊘,,,,,,,
Damana-109_small-1,,Damana,109_small,ˈakwia ,ˈakwia,,,,,,,
Ika-109_small-1,,Ika,109_small,inɡɨ kawa ,inɡɨ kawa,,,,,,,
Kogi-109_small-1,,Kogi,109_small,ˈnoŋɡuʦe,ˈnoŋɡuʦe,,,,,,,
Pech-106_short-1,,Pech,106_short,"kúk, bóhbón, wìɾwiɾína",kúk,,,,,,,
Atanques-106_short-1,,Atanques,106_short,⊘,⊘,,,,,,,
Damana-106_short-1,,Damana,106_short,a-ˈkwa-i-ɡa ,a-ˈkwa-i-ɡa,,,,,,,
Ika-106_short-1,,Ika,106_short,koʔˈko,koʔˈko,,,,,,,
Kogi-106_short-1,,Kogi,106_short,ˈnoŋɡuʦe,ˈnoŋɡuʦe,,,,,,,
Pech-5_arrow-1,,Pech,5_arrow,"atikisí, pùʔustí, tuɾí",atikisí,,,,,,,
Atanques-5_arrow-1,,Atanques,5_arrow,<yunankanáni>,<yunankanáni>,,,,,,,
Damana-5_arrow-1,,Damana,5_arrow,ʒu-pɨn-ɡwa-ɡa,ʒu-pɨn-ɡwa-ɡa,,,,,,,
Ika-5_arrow-1,,Ika,5_arrow,di,di,,,,,,,
Kogi-5_arrow-1,,Kogi,5_arrow,ˈniŋ-pa-ku-e,ˈniŋ-pa-ku-e,,,,,,,
Pech-125_thin-1,,Pech,125_thin,"síhsína, wáːwísta ",síhsína,,,,,,,
Atanques-125_thin-1,,Atanques,125_thin,<yunyuangue kuen>,<yunyuangue kuen>,,,,,,,
Damana-125_thin-1,,Damana,125_thin,ʒun nɨ-nuk-ka,ʒun nɨ-nuk-ka,,,,,,,
Ika-125_thin-1,,Ika,125_thin,"ˈdeiru, zuʔ ",ˈdeiru,,,,,,,
Kogi-125_thin-1,,Kogi,125_thin,"ˈni-l-tok-ka, kəlˈdita",ˈni-l-tok-ka,,,,,,,
Pech-202_woman-1,,Pech,202_woman,kòɾtá,kòɾtá,,,,,,,
Atanques-202_woman-1,,Atanques,202_woman,<amia>,<amia>,,,,,,,
Damana-202_woman-1,,Damana,202_woman,mena,mena,,,,,,,
Ika-202_woman-1,,Ika,202_woman,aʔˈmi.a,aʔˈmi.a,,,,,,,
Kogi-202_woman-1,,Kogi,202_woman,ˈmunʒi,ˈmunʒi,,,,,,,
Pech-74_man-1,,Pech,74_man,"aɾhwã́, áɾwã́",aɾhwã́,,,,,,,
Atanques-74_man-1,,Atanques,74_man,<ferúa>,<ferúa>,,,,,,,
Damana-74_man-1,,Damana,74_man,te-rua,te-rua,,,,,,,
Ika-74_man-1,,Ika,74_man,ˈʧeirwa,ˈʧeirwa,,,,,,,
Kogi-74_man-1,,Kogi,74_man,siˈɡi,siˈɡi,,,,,,,
Pech-91_person-1,,Pech,91_person,pè(ː)ʃ-ká ,pèʃ-ká,,,,,,,
Atanques-91_person-1,,Atanques,91_person,<ferúa>,<ferúa>,,,,,,,
Damana-91_person-1,,Damana,91_person,⊘,⊘,,,,,,,
Ika-91_person-1,,Ika,91_person,⊘,⊘,,,,,,,
Kogi-91_person-1,,Kogi,91_person,⊘,⊘,,,,,,,
Pech-19_child-1,,Pech,19_child,jéʔ-á,jéʔ-á,,,,,,,
Atanques-19_child-1,,Atanques,19_child,⊘,⊘,,,,,,,
Damana-19_child-1,,Damana,19_child,ɡɨmɨ-ntina,ɡɨmɨ-ntina,,,,,,,
Ika-19_child-1,,Ika,19_child,ɡəmmɨˈsinɨ,ɡəmmɨˈsinɨ,,,,,,,
Kogi-19_child-1,,Kogi,19_child,ˈsukkua,ˈsukkua,,,,,,,
Pech-198_wife-1,,Pech,198_wife,-kawá,-kawá,,,,,,,
Atanques-198_wife-1,,Atanques,198_wife,<amiakasáo>,<amiakasáo>,,,,,,,
Damana-198_wife-1,,Damana,198_wife,ˈmena,ˈmena,,,,,,,
Ika-198_wife-1,,Ika,198_wife,-aʔˈmi.a,-aʔˈmi.a,,,,,,,
Kogi-198_wife-1,,Kogi,198_wife,"a-seˈwa, ˈmunʒi ",a-seˈwa,,,,,,,
Pech-62_husband-1,,Pech,62_husband,"aɾhwã́, áɾwã́",aɾhwã́,,,,,,,
Atanques-62_husband-1,,Atanques,62_husband,<anchitéru>,<anchitéru>,,,,,,,
Damana-62_husband-1,,Damana,62_husband,-sewa,-sewa,,,,,,,
Ika-62_husband-1,,Ika,62_husband,-ˈʧeirwa,-ˈʧeirwa,,,,,,,
Kogi-62_husband-1,,Kogi,62_husband,"a-seˈwa, siˈɡi ",a-seˈwa,,,,,,,
Pech-78_mother-1,,Pech,78_mother,-kàːkí ,-kàːkí,,,,,,,
Atanques-78_mother-1,,Atanques,78_mother,<mama>,<mama>,,,,,,,
Damana-78_mother-1,,Damana,78_mother,abu,abu,,,,,,,
Ika-78_mother-1,,Ika,78_mother,-ˈzaku,-ˈzaku,,,,,,,
Kogi-78_mother-1,,Kogi,78_mother,ˈhəbə,ˈhəbə,,,,,,,
Pech-35_father-1,,Pech,35_father,-tùs-ká ,-tùs-ká,,,,,,,
Atanques-35_father-1,,Atanques,35_father,<káke>,<káke>,,,,,,,
Damana-35_father-1,,Damana,35_father,ade,ade,,,,,,,
Ika-35_father-1,,Ika,35_father,"-ˈkakɨ, -ˈʧeiʧi",-ˈkakɨ,,,,,,,
Kogi-35_father-1,,Kogi,35_father,ˈhate,ˈhate,,,,,,,
Pech-4_animal-1,,Pech,4_animal,jùku,jùku,,,,,,,
Atanques-4_animal-1,,Atanques,4_animal,⊘,⊘,,,,,,,
Damana-4_animal-1,,Damana,4_animal,⊘,⊘,,,,,,,
Ika-4_animal-1,,Ika,4_animal,⊘,⊘,,,,,,,
Kogi-4_animal-1,,Kogi,4_animal,⊘,⊘,,,,,,,
Pech-40_fish-1,,Pech,40_fish,kuʃã́ ~ uʃã́,kuʃã́,,,,,,,
Atanques-40_fish-1,,Atanques,40_fish,<uáka>,<uáka>,,,,,,,
Damana-40_fish-1,,Damana,40_fish,waka,waka,,,,,,,
Ika-40_fish-1,,Ika,40_fish,ˈwakɨ,ˈwakɨ,,,,,,,
Kogi-40_fish-1,,Kogi,40_fish,diˈʒu,diˈʒu,,,,,,,
Pech-14_bird-1,,Pech,14_bird,kwás-ká ,kwás-ká,,,,,,,
Atanques-14_bird-1,,Atanques,14_bird,<súri>,<súri>,,,,,,,
Damana-14_bird-1,,Damana,14_bird,suri,suri,,,,,,,
Ika-14_bird-1,,Ika,14_bird,siˈsi.o,siˈsi.o,,,,,,,
Kogi-14_bird-1,,Kogi,14_bird,nuˈba,nuˈba,,,,,,,
Pech-25_dog-1,,Pech,25_dog,ʃúʃú,ʃúʃú,,,,,,,
Atanques-25_dog-1,,Atanques,25_dog,<chörma>,<chörma>,,,,,,,
Damana-25_dog-1,,Damana,25_dog,kɨnsi,kɨnsi,,,,,,,
Ika-25_dog-1,,Ika,25_dog,perɨ,perɨ,,,,,,,
Kogi-25_dog-1,,Kogi,25_dog,ˈpiju,ˈpiju,,,,,,,
Pech-73_louse-1,,Pech,73_louse,(ʔ)uː,uː,,,,,,,
Atanques-73_louse-1,,Atanques,73_louse,<sanze>,<sanze>,,,,,,,
Damana-73_louse-1,,Damana,73_louse,sanze,sanze,,,,,,,
Ika-73_louse-1,,Ika,73_louse,ku,ku,,,,,,,
Kogi-73_louse-1,,Kogi,73_louse,kuˈwi,kuˈwi,,,,,,,
Pech-112_snake-1,,Pech,112_snake,ebís-ká,ebís-ká,,,,,,,
Atanques-112_snake-1,,Atanques,112_snake,<gúma>,<gúma>,,,,,,,
Damana-112_snake-1,,Damana,112_snake,ɡuma,ɡuma,,,,,,,
Ika-112_snake-1,,Ika,112_snake,ɡwi.ˈomɨ,ɡwi.ˈomɨ,,,,,,,
Kogi-112_snake-1,,Kogi,112_snake,ˈtakbi,ˈtakbi,,,,,,,
Pech-203_worm-1,,Pech,203_worm,"ʃẽ́ʔ, ʃã́n/ŋ",ʃẽ́ʔ,,,,,,,
Atanques-203_worm-1,,Atanques,203_worm,<ji>,<ji>,,,,,,,
Damana-203_worm-1,,Damana,203_worm,di,di,,,,,,,
Ika-203_worm-1,,Ika,203_worm,zi,zi,,,,,,,
Kogi-203_worm-1,,Kogi,203_worm,ˈdi,ˈdi,,,,,,,
Pech-186_tree-1,,Pech,186_tree,pã̀jh-á ,pã̀jh-á,,,,,,,
Atanques-186_tree-1,,Atanques,186_tree,<kandina>,<kandina>,,,,,,,
Damana-186_tree-1,,Damana,186_tree,kɨn,kɨn,,,,,,,
Ika-186_tree-1,,Ika,186_tree,kən,kən,,,,,,,
Kogi-186_tree-1,,Kogi,186_tree,ˈkəldi,ˈkəldi,,,,,,,
Pech-45_forest-1,,Pech,45_forest,wã̀ʔka,wã̀ʔka,,,,,,,
Atanques-45_forest-1,,Atanques,45_forest,<kanköna>,<kanköna>,,,,,,,
Damana-45_forest-1,,Damana,45_forest,kɨn-kɨna,kɨn-kɨna,,,,,,,
Ika-45_forest-1,,Ika,45_forest,ˈkənkənɨ,ˈkənkənɨ,,,,,,,
Kogi-45_forest-1,,Kogi,45_forest,"taʃima, kəlˈkəldə",taʃima,,,,,,,
Pech-116_stick-1,,Pech,116_stick,pã̀jh-á ,pã̀jh-á,,,,,,,
Atanques-116_stick-1,,Atanques,116_stick,<káne>,<káne>,,,,,,,
Damana-116_stick-1,,Damana,116_stick,kɨn,kɨn,,,,,,,
Ika-116_stick-1,,Ika,116_stick,kən,kən,,,,,,,
Kogi-116_stick-1,,Kogi,116_stick,ˈkəldi,ˈkəldi,,,,,,,
Pech-47_fruit-1,,Pech,47_fruit,-wà ,-wà,,,,,,,
Atanques-47_fruit-1,,Atanques,47_fruit,⊘,⊘,,,,,,,
Damana-47_fruit-1,,Damana,47_fruit,kɨn-ˈʒi-wa,kɨn-ˈʒi-wa,,,,,,,
Ika-47_fruit-1,,Ika,47_fruit,ˈzə-wa,ˈzə-wa,,,,,,,
Kogi-47_fruit-1,,Kogi,47_fruit,kəlduˈwẽ,kəlduˈwẽ,,,,,,,
Pech-104_seed-1,,Pech,104_seed,"-wàːsá, -wàːsáʔ ",-wàːsá,,,,,,,
Atanques-104_seed-1,,Atanques,104_seed,<anchuku>,<anchuku>,,,,,,,
Damana-104_seed-1,,Damana,104_seed,ʒanduna,ʒanduna,,,,,,,
Ika-104_seed-1,,Ika,104_seed,zaˈʤuna,zaˈʤuna,,,,,,,
Kogi-104_seed-1,,Kogi,104_seed,ˈzula,ˈzula,,,,,,,
Pech-68_leaf-1,,Pech,68_leaf,pájaʔa,pájaʔa,,,,,,,
Atanques-68_leaf-1,,Atanques,68_leaf,<kanáte>,<kanáte>,,,,,,,
Damana-68_leaf-1,,Damana,68_leaf,kɨn-ata,kɨn-ata,,,,,,,
Ika-68_leaf-1,,Ika,68_leaf,a-ˈzaʧɨ,a-ˈzaʧɨ,,,,,,,
Kogi-68_leaf-1,,Kogi,68_leaf,kəlˈkẽ,kəlˈkẽ,,,,,,,
Pech-97_root-1,,Pech,97_root,"pãjhpìská, -pís-ká ",pãjhpìská,,,,,,,
Atanques-97_root-1,,Atanques,97_root,<anchukúcha>,<anchukúcha>,,,,,,,
Damana-97_root-1,,Damana,97_root,kɨn ʃi-wana,kɨn ʃi-wana,,,,,,,
Ika-97_root-1,,Ika,97_root,a-ˈkəttɨ,a-ˈkəttɨ,,,,,,,
Kogi-97_root-1,,Kogi,97_root,kəʧihuˈalda,kəʧihuˈalda,,,,,,,
Pech-10_bark-1,,Pech,10_bark,pãjhkã́wa,pãjhkã́wa,,,,,,,
Atanques-10_bark-1,,Atanques,10_bark,⊘,⊘,,,,,,,
Damana-10_bark-1,,Damana,10_bark,a-nʒoma,a-nʒoma,,,,,,,
Ika-10_bark-1,,Ika,10_bark,a-zomɨ,a-zomɨ,,,,,,,
Kogi-10_bark-1,,Kogi,10_bark,kəldiˈhuba,kəldiˈhuba,,,,,,,
Pech-42_flower-1,,Pech,42_flower,"ã̀wh-ã́, flòɾ-ká, -õ̀h-á",ã̀wh-ã́,,,,,,,
Atanques-42_flower-1,,Atanques,42_flower,<chómua>,<chómua>,,,,,,,
Damana-42_flower-1,,Damana,42_flower,ʃoma,ʃoma,,,,,,,
Ika-42_flower-1,,Ika,42_flower,tinˈsana,tinˈsana,,,,,,,
Kogi-42_flower-1,,Kogi,42_flower,kəlˈhumʃi,kəlˈhumʃi,,,,,,,
Pech-50_grass-1,,Pech,50_grass,tìbi (~ tìwi),tìbi,,,,,,,
Atanques-50_grass-1,,Atanques,50_grass,⊘,⊘,,,,,,,
Damana-50_grass-1,,Damana,50_grass,tiw̃a,tiw̃a,,,,,,,
Ika-50_grass-1,,Ika,50_grass,ˈkanɨ,ˈkanɨ,,,,,,,
Kogi-50_grass-1,,Kogi,50_grass,kalˈda,kalˈda,,,,,,,
Pech-98_rope-1,,Pech,98_rope,"mikáteh-á, meskàltòɾʃkaʔá, ",mikáteh-á,,,,,,,
Atanques-98_rope-1,,Atanques,98_rope,⊘,⊘,,,,,,,
Damana-98_rope-1,,Damana,98_rope,ʃimbɨn,ʃimbɨn,,,,,,,
Ika-98_rope-1,,Ika,98_rope,"si,ˈʧuma",si,,,,,,,
Kogi-98_rope-1,,Kogi,98_rope,"nubulˈdi,ˈʃibuldi",nubulˈdi,,,,,,,
Pech-98_rope-2,,Pech,98_rope," -tã̀wa, †amajnʃu ",-tã̀wa,,,,,,,
Pech-107_skin-1,,Pech,107_skin,⊘,⊘,,,,,,,
Atanques-107_skin-1,,Atanques,107_skin,⊘,⊘,,,,,,,
Damana-107_skin-1,,Damana,107_skin,a-nʒoma,a-nʒoma,,,,,,,
Ika-107_skin-1,,Ika,107_skin,⊘,⊘,,,,,,,
Kogi-107_skin-1,,Kogi,107_skin,aˈhubə,aˈhubə,,,,,,,
Pech-76_meat-1,,Pech,76_meat,jùku ,jùku,,,,,,,
Atanques-76_meat-1,,Atanques,76_meat,<uíma>,<uíma>,,,,,,,
Damana-76_meat-1,,Damana,76_meat,"rema, ɡɨˈta",rema,,,,,,,
Ika-76_meat-1,,Ika,76_meat,ˈɡəʧɨ,ˈɡəʧɨ,,,,,,,
Kogi-76_meat-1,,Kogi,76_meat,ˈɡatə,ˈɡatə,,,,,,,
Pech-16_blood-1,,Pech,16_blood,ùːɾí(ː) ,ùːɾí,,,,,,,
Atanques-16_blood-1,,Atanques,16_blood,<uíchi>,<uíchi>,,,,,,,
Damana-16_blood-1,,Damana,16_blood,ɨma,ɨma,,,,,,,
Ika-16_blood-1,,Ika,16_blood,ʤwa,ʤwa,,,,,,,
Kogi-16_blood-1,,Kogi,16_blood,ˈəbbi,ˈəbbi,,,,,,,
Pech-17_bone-1,,Pech,17_bone, √ -kã́h-á ,√ -kã́h-á,,,,,,,
Atanques-17_bone-1,,Atanques,17_bone,⊘,⊘,,,,,,,
Damana-17_bone-1,,Damana,17_bone,kɨ-kɨra,kɨ-kɨra,,,,,,,
Ika-17_bone-1,,Ika,17_bone,ˈwesu,ˈwesu,,,,,,,
Kogi-17_bone-1,,Kogi,17_bone,zəlˈda-xəldə,zəlˈda-xəldə,,,,,,,
Pech-34_fatnoun-1,,Pech,34_fatnoun,-tamúktí ,-tamúktí,,,,,,,
Atanques-34_fatnoun-1,,Atanques,34_fatnoun,⊘,⊘,,,,,,,
Damana-34_fatnoun-1,,Damana,34_fatnoun,manteka,manteka,,,,,,,
Ika-34_fatnoun-1,,Ika,34_fatnoun,"mənˈtekɨ, manˈteka ",mənˈtekɨ,,,,,,,
Kogi-34_fatnoun-1,,Kogi,34_fatnoun,mənˈtixa,mənˈtixa,,,,,,,
Pech-31_egg-1,,Pech,31_egg,"áʔ, -pónó ",áʔ,,,,,,,
Atanques-31_egg-1,,Atanques,31_egg,⊘,⊘,,,,,,,
Damana-31_egg-1,,Damana,31_egg,nikuma,nikuma,,,,,,,
Ika-31_egg-1,,Ika,31_egg,ˈwebu,ˈwebu,,,,,,,
Kogi-31_egg-1,,Kogi,31_egg,ɡuˈibu,ɡuˈibu,,,,,,,
Pech-60_horn-1,,Pech,60_horn,-ã̀hã́,-ã̀hã́,,,,,,,
Atanques-60_horn-1,,Atanques,60_horn,⊘,⊘,,,,,,,
Damana-60_horn-1,,Damana,60_horn,kaʃu,kaʃu,,,,,,,
Ika-60_horn-1,,Ika,60_horn,"ˈkaʧa, ˈkaʧu ",ˈkaʧa,,,,,,,
Kogi-60_horn-1,,Kogi,60_horn,ˈkəʧu,ˈkəʧu,,,,,,,
Pech-120_tail-1,,Pech,120_tail,pàɾ-ká ,pàɾ-ká,,,,,,,
Atanques-120_tail-1,,Atanques,120_tail,<duchikána>,<duchikána>,,,,,,,
Damana-120_tail-1,,Damana,120_tail,duʃ-kɨna,duʃ-kɨna,,,,,,,
Ika-120_tail-1,,Ika,120_tail,ˈʤoʔo,ˈʤoʔo,,,,,,,
Kogi-120_tail-1,,Kogi,120_tail,ˈnuɡɡi,ˈnuɡɡi,,,,,,,
Pech-36_feather-1,,Pech,36_feather,"-wĩ̀ːʃ-ká, -ã̀ːsá, kawà(ː)wá ",-wĩ̀ːʃ-ká,,,,,,,
Atanques-36_feather-1,,Atanques,36_feather,⊘,⊘,,,,,,,
Damana-36_feather-1,,Damana,36_feather,dun-ɡɨra,dun-ɡɨra,,,,,,,
Ika-36_feather-1,,Ika,36_feather,"kwi, ˈkwiʔi ",kwi,,,,,,,
Kogi-36_feather-1,,Kogi,36_feather,ˈɡəldə,ˈɡəldə,,,,,,,
Pech-53_hair-1,,Pech,53_hair,"sã́ʔṹs-, -ʔṹs-ká",sã́ʔṹs-,,,,,,,
Atanques-53_hair-1,,Atanques,53_hair,"<shá>, <lhangöne>",<shá>,,,,,,,
Damana-53_hair-1,,Damana,53_hair,"ʃa, wiwi",ʃa,,,,,,,
Ika-53_hair-1,,Ika,53_hair,"ˈsaɡənɨ, ˈuntɨ",ˈsaɡənɨ,,,,,,,
Kogi-53_hair-1,,Kogi,53_hair,"ˈsãi, ˈɡəldə",ˈsãi,,,,,,,
Pech-56_head-1,,Pech,56_head,sã́,sã́,,,,,,,
Atanques-56_head-1,,Atanques,56_head,<chakúku>,<chakúku>,,,,,,,
Damana-56_head-1,,Damana,56_head,ʃaˈmunku,ʃaˈmunku,,,,,,,
Ika-56_head-1,,Ika,56_head,saˈkuku,saˈkuku,,,,,,,
Kogi-56_head-1,,Kogi,56_head,ˈsaŋ-kəldə,ˈsaŋ-kəldə,,,,,,,
Pech-29_ear-1,,Pech,29_ear,-sũ̀hã́,-sũ̀hã́,,,,,,,
Atanques-29_ear-1,,Atanques,29_ear,<kukkuá>,<kukkuá>,,,,,,,
Damana-29_ear-1,,Damana,29_ear,kuˈkwa,kuˈkwa,,,,,,,
Ika-29_ear-1,,Ika,29_ear,ˈkukkwɨ,ˈkukkwɨ,,,,,,,
Kogi-29_ear-1,,Kogi,29_ear,ˈkuxa,ˈkuxa,,,,,,,
Pech-32_eye-1,,Pech,32_eye,"-wà, -wàːsá ",-wà,,,,,,,
Atanques-32_eye-1,,Atanques,32_eye,<úma>,<úma>,,,,,,,
Damana-32_eye-1,,Damana,32_eye,uma,uma,,,,,,,
Ika-32_eye-1,,Ika,32_eye,ˈumɨ,ˈumɨ,,,,,,,
Kogi-32_eye-1,,Kogi,32_eye,ˈuba,ˈuba,,,,,,,
Pech-86_nose-1,,Pech,86_nose,-tã́jsa ,-tã́jsa,,,,,,,
Atanques-86_nose-1,,Atanques,86_nose,<michiuña>,<michiuña>,,,,,,,
Damana-86_nose-1,,Damana,86_nose,"sunˈkɨna, mĩʃuˈa ",sunˈkɨna,,,,,,,
Ika-86_nose-1,,Ika,86_nose,"miˈsuŋɨ, biˈsuŋi ",miˈsuŋɨ,,,,,,,
Kogi-86_nose-1,,Kogi,86_nose,huˈnu-kkəldə,huˈnu-kkəldə,,,,,,,
Pech-80_mouth-1,,Pech,80_mouth,-sápa ,-sápa,,,,,,,
Atanques-80_mouth-1,,Atanques,80_mouth,<kohkába>,<kohkába>,,,,,,,
Damana-80_mouth-1,,Damana,80_mouth,nambuˈnuka,nambuˈnuka,,,,,,,
Ika-80_mouth-1,,Ika,80_mouth,ˈkəkka,ˈkəkka,,,,,,,
Kogi-80_mouth-1,,Kogi,80_mouth,ˈkaxa,ˈkaxa,,,,,,,
Pech-185_tooth-1,,Pech,185_tooth,kĩ́ʔ-á ,kĩ́ʔ-á,,,,,,,
Atanques-185_tooth-1,,Atanques,185_tooth,<köhka>,<köhka>,,,,,,,
Damana-185_tooth-1,,Damana,185_tooth,kikˈka,kikˈka,,,,,,,
Ika-185_tooth-1,,Ika,185_tooth,ˈkəkkɨ,ˈkəkkɨ,,,,,,,
Kogi-185_tooth-1,,Kogi,185_tooth,huˈaldə,huˈaldə,,,,,,,
Pech-184_tongueorgan-1,,Pech,184_tongueorgan,ùːwa ,ùːwa,,,,,,,
Atanques-184_tongueorgan-1,,Atanques,184_tongueorgan,<kurihgöna>,<kurihgöna>,,,,,,,
Damana-184_tongueorgan-1,,Damana,184_tongueorgan,kon-ɡɨra,kon-ɡɨra,,,,,,,
Ika-184_tongueorgan-1,,Ika,184_tongueorgan,koˈriʔɡənɨ ,koˈriʔɡənɨ,,,,,,,
Kogi-184_tongueorgan-1,,Kogi,184_tongueorgan,huˈaŋ-ɡəldə,huˈaŋ-ɡəldə,,,,,,,
Pech-38_fingernail-1,,Pech,38_fingernail,-ʃũ̀nã́,-ʃũ̀nã́,,,,,,,
Atanques-38_fingernail-1,,Atanques,38_fingernail,<gunahköna>,<gunahköna>,,,,,,,
Damana-38_fingernail-1,,Damana,38_fingernail,kusuruma,kusuruma,,,,,,,
Ika-38_fingernail-1,,Ika,38_fingernail,ˈkomɨ,ˈkomɨ,,,,,,,
Kogi-38_fingernail-1,,Kogi,38_fingernail,kəˈʦoma,kəˈʦoma,,,,,,,
Pech-44_foot-1,,Pech,44_foot,tahá,tahá,,,,,,,
Atanques-44_foot-1,,Atanques,44_foot,<kösá>,<kösá>,,,,,,,
Damana-44_foot-1,,Damana,44_foot,kɨˈsa,kɨˈsa,,,,,,,
Ika-44_foot-1,,Ika,44_foot,ˈkəttɨ,ˈkəttɨ,,,,,,,
Kogi-44_foot-1,,Kogi,44_foot,ˈkasa,ˈkasa,,,,,,,
Pech-70_leg-1,,Pech,70_leg,"-kapù(ː)k-ká, tahá, †-ʃáɾápáɲá ",-kapùk-ká,,,,,,,
Atanques-70_leg-1,,Atanques,70_leg,<dukakána>,<dukakána>,,,,,,,
Damana-70_leg-1,,Damana,70_leg,kɨna,kɨna,,,,,,,
Ika-70_leg-1,,Ika,70_leg,ˈʤuʔkwɨ,ˈʤuʔkwɨ,,,,,,,
Kogi-70_leg-1,,Kogi,70_leg,ˈkəldə,ˈkəldə,,,,,,,
Pech-66_knee-1,,Pech,66_knee,"-ʃĩ́h-ká, -ʃĩ́hkã́h-ã́, †kokìsá, †ʃàh-á",-ʃĩ́h-ká,,,,,,,
Atanques-66_knee-1,,Atanques,66_knee,<bukühköna>,<bukühköna>,,,,,,,
Damana-66_knee-1,,Damana,66_knee,bɨnkɨˈka,bɨnkɨˈka,,,,,,,
Ika-66_knee-1,,Ika,66_knee,biuˈkənɨ,biuˈkənɨ,,,,,,,
Kogi-66_knee-1,,Kogi,66_knee,ˈnuldu,ˈnuldu,,,,,,,
Pech-54_hand-1,,Pech,54_hand,-sàwa ,-sàwa,,,,,,,
Atanques-54_hand-1,,Atanques,54_hand,<gúna><,<gúna><,,,,,,,
Damana-54_hand-1,,Damana,54_hand,ˈɡula,ˈɡula,,,,,,,
Ika-54_hand-1,,Ika,54_hand,ˈɡunnɨ,ˈɡunnɨ,,,,,,,
Kogi-54_hand-1,,Kogi,54_hand,ˈkau-xəldə,ˈkau-xəldə,,,,,,,
Pech-200_wing-1,,Pech,200_wing,"-ã̀ːsá, -wĩ̀ːʃ-ká, †-wĩ̀ːʃatahá ",-ã̀ːsá,,,,,,,
Atanques-200_wing-1,,Atanques,200_wing,<kuichikáne>,<kuichikáne>,,,,,,,
Damana-200_wing-1,,Damana,200_wing,ɡwi-kɨna,ɡwi-kɨna,,,,,,,
Ika-200_wing-1,,Ika,200_wing,"kwi,ˈkwiʔi",kwi,,,,,,,
Kogi-200_wing-1,,Kogi,200_wing,ɡikˈkəldə,ɡikˈkəldə,,,,,,,
Pech-12_belly-1,,Pech,12_belly,"-ĩʃkja, -ja, †iskìʔá ",-ĩʃkja,,,,,,,
Atanques-12_belly-1,,Atanques,12_belly,<kumáne>,<kumáne>,,,,,,,
Damana-12_belly-1,,Damana,12_belly,"tɨmɨ-kɨna, doaˈbiɡa ",tɨmɨ-kɨna,,,,,,,
Ika-12_belly-1,,Ika,12_belly,ˈzunkənɨ,ˈzunkənɨ,,,,,,,
Kogi-12_belly-1,,Kogi,12_belly,ˈdiʒək,ˈdiʒək,,,,,,,
Pech-52_guts-1,,Pech,52_guts,"áʔsábɾìs-ká, teapahnwa",áʔsábɾìs-ká,,,,,,,
Atanques-52_guts-1,,Atanques,52_guts,<kachíru>,<kachíru>,,,,,,,
Damana-52_guts-1,,Damana,52_guts,ɡa-ʒi-na,ɡa-ʒi-na,,,,,,,
Ika-52_guts-1,,Ika,52_guts,ɡaˈsiro,ɡaˈsiro,,,,,,,
Kogi-52_guts-1,,Kogi,52_guts,ɡəˈnukʃa,ɡəˈnukʃa,,,,,,,
Pech-83_neck-1,,Pech,83_neck,"-táwá, -táwásã́",-táwá,,,,,,,
Atanques-83_neck-1,,Atanques,83_neck,⊘,⊘,,,,,,,
Damana-83_neck-1,,Damana,83_neck,ɡuanuˈana,ɡuanuˈana,,,,,,,
Ika-83_neck-1,,Ika,83_neck,ˈɡaʔnɨ,ˈɡaʔnɨ,,,,,,,
Kogi-83_neck-1,,Kogi,83_neck,ˈɡaklda,ˈɡaklda,,,,,,,
Pech-8_back-1,,Pech,8_back,"-súk-ká, †kɾakɾá, †-kaɾahpak-ká, †ʃaʃakaʔ-á",-súk-ká,,,,,,,
Atanques-8_back-1,,Atanques,8_back,<yanahtáma>,<yanahtáma>,,,,,,,
Damana-8_back-1,,Damana,8_back,ʃinʃɨ-kɨra,ʃinʃɨ-kɨra,,,,,,,
Ika-8_back-1,,Ika,8_back,ˈɡaʔkənɨ,ˈɡaʔkənɨ,,,,,,,
Kogi-8_back-1,,Kogi,8_back,muŋʃiŋ-kəldə,muŋʃiŋ-kəldə,,,,,,,
Pech-18_breast-1,,Pech,18_breast,"-tùːtu, -màʔmàʔ-ká, ",-tùːtu,,,,,,,
Atanques-18_breast-1,,Atanques,18_breast,"<tutu>, <péshu>",<tutu>,,,,,,,
Damana-18_breast-1,,Damana,18_breast,"ˈtudu, peʃu ",ˈtudu,,,,,,,
Ika-18_breast-1,,Ika,18_breast,"tu, peʧu ",tu,,,,,,,
Kogi-18_breast-1,,Kogi,18_breast,"suˈmi, taˈba-xəldə",suˈmi,,,,,,,
Pech-18_breast-2,,Pech,18_breast," -màkmàk-ká, †-kaɾatah-á ",-màkmàk-ká,,,,,,,
Pech-57_heart-1,,Pech,57_heart,"-tuɾùsã́, †-haɾamak-ká ",-tuɾùsã́,,,,,,,
Atanques-57_heart-1,,Atanques,57_heart,<dúcha>,<dúcha>,,,,,,,
Damana-57_heart-1,,Damana,57_heart,kunʃamanduri,kunʃamanduri,,,,,,,
Ika-57_heart-1,,Ika,57_heart,ʤwaˈwika,ʤwaˈwika,,,,,,,
Kogi-57_heart-1,,Kogi,57_heart,ˈhanəlduldi,ˈhanəlduldi,,,,,,,
Pech-71_liver-1,,Pech,71_liver,"-h(a)ɾá, †neuwa ",-hɾá,,,,,,,
Atanques-71_liver-1,,Atanques,71_liver,<duabíka>,<duabíka>,,,,,,,
Damana-71_liver-1,,Damana,71_liver,a-nʒ-bita,a-nʒ-bita,,,,,,,
Ika-71_liver-1,,Ika,71_liver,ˈhiɡɾu,ˈhiɡɾu,,,,,,,
Kogi-71_liver-1,,Kogi,71_liver,əbˈbitə,əbˈbitə,,,,,,,
Pech-137_todrink-1,,Pech,137_todrink,tòk-/tók-k- ,tòk-,,,,,,,
Atanques-137_todrink-1,,Atanques,137_todrink,⊘,⊘,,,,,,,
Damana-137_todrink-1,,Damana,137_todrink,anɡa,anɡa,,,,,,,
Ika-137_todrink-1,,Ika,137_todrink,aʔɡ-ən,aʔɡ-ən,,,,,,,
Kogi-137_todrink-1,,Kogi,137_todrink,ˈtuʃ-ĩ,ˈtuʃ-ĩ,,,,,,,
Pech-138_toeat-1,,Pech,138_toeat,ã́ʔ-Ø- (ã̀ ~ ẽ̀) ,ã́ʔ-Ø-,,,,,,,
Atanques-138_toeat-1,,Atanques,138_toeat,⊘,⊘,,,,,,,
Damana-138_toeat-1,,Damana,138_toeat,"ʒa, ɡan ",ʒa,,,,,,,
Ika-138_toeat-1,,Ika,138_toeat,"ɡ-ən, z-ən",ɡ-ən,,,,,,,
Kogi-138_toeat-1,,Kogi,138_toeat,"ˈzah-ĩ, ˈɡah-ĩ ",ˈzah-ĩ,,,,,,,
Pech-128_tobite-1,,Pech,128_tobite,sàhkɾàh-,sàhkɾàh-,,,,,,,
Atanques-128_tobite-1,,Atanques,128_tobite,⊘,⊘,,,,,,,
Damana-128_tobite-1,,Damana,128_tobite,kiˈka-a-te,kiˈka-a-te,,,,,,,
Ika-128_tobite-1,,Ika,128_tobite,kəˈkus-ən,kəˈkus-ən,,,,,,,
Kogi-128_tobite-1,,Kogi,128_tobite,haulˈdih-ĩ,haulˈdih-ĩ,,,,,,,
Pech-173_tosuck-1,,Pech,173_tosuck,"aʔús-k, bís-k-, sùh-",aʔús-k,,,,,,,
Atanques-173_tosuck-1,,Atanques,173_tosuck,⊘,⊘,,,,,,,
Damana-173_tosuck-1,,Damana,173_tosuck,a-nziz-i,a-nziz-i,,,,,,,
Ika-173_tosuck-1,,Ika,173_tosuck,aʔ ˈdis-ən ,aʔ ˈdis-ən,,,,,,,
Kogi-173_tosuck-1,,Kogi,173_tosuck,ˈnus-ɡu-i,ˈnus-ɡu-i,,,,,,,
Pech-168_tospit-1,,Pech,168_tospit,ʃũ̀(ː)n-/ʃũ̀(ː)h- ,ʃũ̀n-,,,,,,,
Atanques-168_tospit-1,,Atanques,168_tospit,<kahkarituábi>,<kahkarituábi>,,,,,,,
Damana-168_tospit-1,,Damana,168_tospit,⊘,⊘,,,,,,,
Ika-168_tospit-1,,Ika,168_tospit,⊘,⊘,,,,,,,
Kogi-168_tospit-1,,Kogi,168_tospit,⊘,⊘,,,,,,,
Pech-180_tovomit-1,,Pech,180_tovomit,"àʔ-t-, àʔ-t- ",àʔ-t-,,,,,,,
Atanques-180_tovomit-1,,Atanques,180_tovomit,⊘,⊘,,,,,,,
Damana-180_tovomit-1,,Damana,180_tovomit,i-waʒ-i,i-waʒ-i,,,,,,,
Ika-180_tovomit-1,,Ika,180_tovomit,reʔˈwəŋ-ən,reʔˈwəŋ-ən,,,,,,,
Kogi-180_tovomit-1,,Kogi,180_tovomit,i-ˈwãn-ĩ,i-ˈwãn-ĩ,,,,,,,
Pech-129_toblow-1,,Pech,129_toblow,"aʔùk-k-, †húk-k- ",aʔùk-k-,,,,,,,
Atanques-129_toblow-1,,Atanques,129_toblow,⊘,⊘,,,,,,,
Damana-129_toblow-1,,Damana,129_toblow,ʃwiʃ-i ,ʃwiʃ-i,,,,,,,
Ika-129_toblow-1,,Ika,129_toblow,kəˈwis-ən,kəˈwis-ən,,,,,,,
Kogi-129_toblow-1,,Kogi,129_toblow,huˈiʃ-ĩ ,huˈiʃ-ĩ,,,,,,,
Pech-130_tobreathe-1,,Pech,130_tobreathe," √ samàk-t-, simák-t-, √ simas- ",√ samàk-t-,,,,,,,
Atanques-130_tobreathe-1,,Atanques,130_tobreathe,⊘,⊘,,,,,,,
Damana-130_tobreathe-1,,Damana,130_tobreathe,⊘,⊘,,,,,,,
Ika-130_tobreathe-1,,Ika,130_tobreathe,⊘,⊘,,,,,,,
Kogi-130_tobreathe-1,,Kogi,130_tobreathe,⊘,⊘,,,,,,,
Pech-153_tolaugh-1,,Pech,153_tolaugh,"aɾkõ̀h-, -kah-, √ -kõ̀h-, †akakah-, †aɾkah- ",aɾkõ̀h-,,,,,,,
Atanques-153_tolaugh-1,,Atanques,153_tolaugh,⊘,⊘,,,,,,,
Damana-153_tolaugh-1,,Damana,153_tolaugh,⊘,⊘,,,,,,,
Ika-153_tolaugh-1,,Ika,153_tolaugh,⊘,⊘,,,,,,,
Kogi-153_tolaugh-1,,Kogi,153_tolaugh,⊘,⊘,,,,,,,
Pech-162_tosee-1,,Pech,162_tosee,ʃã̀ʔ-/ʃẽ̀ʔ-Ø ,ʃã̀ʔ-,,,,,,,
Atanques-162_tosee-1,,Atanques,162_tosee,⊘,⊘,,,,,,,
Damana-162_tosee-1,,Damana,162_tosee,tu-ˈa,tu-ˈa,,,,,,,
Ika-162_tosee-1,,Ika,162_tosee,"ʧw-ən, ˈwaʔk-ən ",ʧw-ən,,,,,,,
Kogi-162_tosee-1,,Kogi,162_tosee,ˈtũw-i,ˈtũw-i,,,,,,,
Pech-147_tohear-1,,Pech,147_tohear,wèʃ-k- ,wèʃ-k-,,,,,,,
Atanques-147_tohear-1,,Atanques,147_tohear,⊘,⊘,,,,,,,
Damana-147_tohear-1,,Damana,147_tohear,nɨkˈkwa,nɨkˈkwa,,,,,,,
Ika-147_tohear-1,,Ika,147_tohear,ˈnoʔkw-ən,ˈnoʔkw-ən,,,,,,,
Kogi-147_tohear-1,,Kogi,147_tohear,ˈnukʃ-ĩ,ˈnukʃ-ĩ,,,,,,,
Pech-152_toknow-1,,Pech,152_toknow,"aɾíɾ-Ø, kahíɾ- ",aɾíɾ-Ø,,,,,,,
Atanques-152_toknow-1,,Atanques,152_toknow,⊘,⊘,,,,,,,
Damana-152_toknow-1,,Damana,152_toknow,k-ʒan-ti-kwa-ɡa,k-ʒan-ti-kwa-ɡa,,,,,,,
Ika-152_toknow-1,,Ika,152_toknow,aˈɡənkw-ən,aˈɡənkw-ən,,,,,,,
Kogi-152_toknow-1,,Kogi,152_toknow,ak-kuˈald-i,ak-kuˈald-i,,,,,,,
Pech-176_tothink-1,,Pech,176_tothink,"amã́jʃ-(k-), éːɾ-Ø- ",amã́jʃ-,,,,,,,
Atanques-176_tothink-1,,Atanques,176_tothink,⊘,⊘,,,,,,,
Damana-176_tothink-1,,Damana,176_tothink,ɨ-ɡwaʒ-i,ɨ-ɡwaʒ-i,,,,,,,
Ika-176_tothink-1,,Ika,176_tothink,aˈruŋ-ən,aˈruŋ-ən,,,,,,,
Kogi-176_tothink-1,,Kogi,176_tothink,ˈhaŋ-ɡu-i,ˈhaŋ-ɡu-i,,,,,,,
Pech-167_tosmell-1,,Pech,167_tosmell,"aũ̀h-, õ̀h- ",aũ̀h-,,,,,,,
Atanques-167_tosmell-1,,Atanques,167_tosmell,⊘,⊘,,,,,,,
Damana-167_tosmell-1,,Damana,167_tosmell,nɨ-kɨ-natuʒ-i ,nɨ-kɨ-natuʒ-i,,,,,,,
Ika-167_tosmell-1,,Ika,167_tosmell,reʔbuss-ən,reʔbuss-ən,,,,,,,
Kogi-167_tosmell-1,,Kogi,167_tosmell,aˈhuma ʒiɡ-ˈzu-kku-ĩ ,aˈhuma ʒiɡ-ˈzu-kku-ĩ,,,,,,,
Pech-140_tofear-1,,Pech,140_tofear,akatìʔ-,akatìʔ-,,,,,,,
Atanques-140_tofear-1,,Atanques,140_tofear,⊘,⊘,,,,,,,
Damana-140_tofear-1,,Damana,140_tofear,zen k-ɨ-ˈnaʃ-i ,zen k-ɨ-ˈnaʃ-i,,,,,,,
Ika-140_tofear-1,,Ika,140_tofear,ˈʧouʧou kə-ˈnak-ən,ˈʧouʧou kə-ˈnak-ən,,,,,,,
Kogi-140_tofear-1,,Kogi,140_tofear,ˈʒe ak-ˈzeʃ-ĩ ,ˈʒe ak-ˈzeʃ-ĩ,,,,,,,
Pech-166_tosleep-1,,Pech,166_tosleep,òː-k-,òː-k-,,,,,,,
Atanques-166_tosleep-1,,Atanques,166_tosleep,<kamam pariáo>,<kamam pariáo>,,,,,,,
Damana-166_tosleep-1,,Damana,166_tosleep,kɨɲ-a-i,kɨɲ-a-i,,,,,,,
Ika-166_tosleep-1,,Ika,166_tosleep,ˈkəmm-ən,ˈkəmm-ən,,,,,,,
Kogi-166_tosleep-1,,Kogi,166_tosleep,kəˈbaʃ-ĩ,kəˈbaʃ-ĩ,,,,,,,
Pech-155_tolive-1,,Pech,155_tolive,ʃà-/ʃì-Ø ,ʃà-,,,,,,,
Atanques-155_tolive-1,,Atanques,155_tolive,⊘,⊘,,,,,,,
Damana-155_tolive-1,,Damana,155_tolive,⊘,⊘,,,,,,,
Ika-155_tolive-1,,Ika,155_tolive,⊘,⊘,,,,,,,
Kogi-155_tolive-1,,Kogi,155_tolive,⊘,⊘,,,,,,,
Pech-135_todie-1,,Pech,135_todie,⊘,⊘,,,,,,,
Atanques-135_todie-1,,Atanques,135_todie,⊘,⊘,,,,,,,
Damana-135_todie-1,,Damana,135_todie,"wiˈda, wiz-i ",wiˈda,,,,,,,
Ika-135_todie-1,,Ika,135_todie,ˈwiʧ-ən,ˈwiʧ-ən,,,,,,,
Kogi-135_todie-1,,Kogi,135_todie,ʃuˈiʃ-ĩ ,ʃuˈiʃ-ĩ,,,,,,,
Pech-151_tokill-1,,Pech,151_tokill,"ahmàs-k-, amàs-k-, ",ahmàs-k-,,,,,,,
Atanques-151_tokill-1,,Atanques,151_tokill,⊘,⊘,,,,,,,
Damana-151_tokill-1,,Damana,151_tokill,ɡwaʒ-i,ɡwaʒ-i,,,,,,,
Ika-151_tokill-1,,Ika,151_tokill,ˈɡwak-ən,ˈɡwak-ən,,,,,,,
Kogi-151_tokill-1,,Kogi,151_tokill,ɡuˈaʃ-i,ɡuˈaʃ-i,,,,,,,
Pech-151_tokill-2,,Pech,151_tokill, atab(u)ɾùk-k-,atabɾùk-k-,,,,,,,
Pech-141_tofight-1,,Pech,141_tofight,"anúk-k, aunúk-k-, †anu- ",anúk-k,,,,,,,
Atanques-141_tofight-1,,Atanques,141_tofight,⊘,⊘,,,,,,,
Damana-141_tofight-1,,Damana,141_tofight,⊘,⊘,,,,,,,
Ika-141_tofight-1,,Ika,141_tofight,⊘,⊘,,,,,,,
Kogi-141_tofight-1,,Kogi,141_tofight,⊘,⊘,,,,,,,
Pech-150_tohunt-1,,Pech,150_tohunt,"ahmàs-k, aːkapɾóh-, amàs-k- ",ahmàs-k,,,,,,,
Atanques-150_tohunt-1,,Atanques,150_tohunt,⊘,⊘,,,,,,,
Damana-150_tohunt-1,,Damana,150_tohunt,⊘,⊘,,,,,,,
Ika-150_tohunt-1,,Ika,150_tohunt,⊘,⊘,,,,,,,
Kogi-150_tohunt-1,,Kogi,150_tohunt,⊘,⊘,,,,,,,
Pech-148_tohit-1,,Pech,148_tohit,kã́ʔ- / kĩ́ʔ- ,kã́ʔ-,,,,,,,
Atanques-148_tohit-1,,Atanques,148_tohit,⊘,⊘,,,,,,,
Damana-148_tohit-1,,Damana,148_tohit,ˈpaʃ-i,ˈpaʃ-i,,,,,,,
Ika-148_tohit-1,,Ika,148_tohit,aɡuˈpəss-ən,aɡuˈpəss-ən,,,,,,,
Kogi-148_tohit-1,,Kogi,148_tohit,ˈmuʃi,ˈmuʃi,,,,,,,
Pech-134_tocut-1,,Pech,134_tocut," √ kaɾs-k-, tàs-k-, wàɾʃ-k- ",√ kaɾs-k-,,,,,,,
Atanques-134_tocut-1,,Atanques,134_tocut,⊘,⊘,,,,,,,
Damana-134_tocut-1,,Damana,134_tocut,koʃ-i,koʃ-i,,,,,,,
Ika-134_tocut-1,,Ika,134_tocut,reʔˈbeis-ən ,reʔˈbeis-ən,,,,,,,
Kogi-134_tocut-1,,Kogi,134_tocut,ˈmeŋ-ɡu-i,ˈmeŋ-ɡu-i,,,,,,,
Pech-169_tosplit-1,,Pech,169_tosplit,"kaɾàh- (> kʔɾàh-), √ kaɾs-k- ",kaɾàh-,,,,,,,
Atanques-169_tosplit-1,,Atanques,169_tosplit,⊘,⊘,,,,,,,
Damana-169_tosplit-1,,Damana,169_tosplit,kwɨn-nti-i ,kwɨn-nti-i,,,,,,,
Ika-169_tosplit-1,,Ika,169_tosplit,ˈkəttiˈrus-ən,ˈkəttiˈrus-ən,,,,,,,
Kogi-169_tosplit-1,,Kogi,169_tosplit,ʃ-kuˈəl-ɡu-i ,ʃ-kuˈəl-ɡu-i,,,,,,,
Pech-171_tostab-1,,Pech,171_tostab,póɾ-k- ,póɾ-k-,,,,,,,
Atanques-171_tostab-1,,Atanques,171_tostab,⊘,⊘,,,,,,,
Damana-171_tostab-1,,Damana,171_tostab,⊘,⊘,,,,,,,
Ika-171_tostab-1,,Ika,171_tostab,⊘,⊘,,,,,,,
Kogi-171_tostab-1,,Kogi,171_tostab,⊘,⊘,,,,,,,
Pech-161_toscratch-1,,Pech,161_toscratch,"bèɾs-k-, jàs-k- ",bèɾs-k-,,,,,,,
Atanques-161_toscratch-1,,Atanques,161_toscratch,⊘,⊘,,,,,,,
Damana-161_toscratch-1,,Damana,161_toscratch,⊘,⊘,,,,,,,
Ika-161_toscratch-1,,Ika,161_toscratch,⊘,⊘,,,,,,,
Kogi-161_toscratch-1,,Kogi,161_toscratch,⊘,⊘,,,,,,,
Pech-136_todig-1,,Pech,136_todig,áɾ-k- ,áɾ-k-,,,,,,,
Atanques-136_todig-1,,Atanques,136_todig,⊘,⊘,,,,,,,
Damana-136_todig-1,,Damana,136_todig,ka-kwi-i,ka-kwi-i,,,,,,,
Ika-136_todig-1,,Ika,136_todig,aʔˈpoʔs-ən,aʔˈpoʔs-ən,,,,,,,
Kogi-136_todig-1,,Kogi,136_todig,kuˈih-ĩ,kuˈih-ĩ,,,,,,,
Pech-175_toswim-1,,Pech,175_toswim,tapéːh- ,tapéːh-,,,,,,,
Atanques-175_toswim-1,,Atanques,175_toswim,⊘,⊘,,,,,,,
Damana-175_toswim-1,,Damana,175_toswim,wekub-i ,wekub-i,,,,,,,
Ika-175_toswim-1,,Ika,175_toswim,punˈten-ən,punˈten-ən,,,,,,,
Kogi-175_toswim-1,,Kogi,175_toswim,huˈẽn-i,huˈẽn-i,,,,,,,
Pech-144_tofly-1,,Pech,144_tofly,"àːkapéʃ-k-, √ -kapèʃ-k- ",àːkapéʃ-k-,,,,,,,
Atanques-144_tofly-1,,Atanques,144_tofly,⊘,⊘,,,,,,,
Damana-144_tofly-1,,Damana,144_tofly,sɨr-ˈan,sɨr-ˈan,,,,,,,
Ika-144_tofly-1,,Ika,144_tofly,"ˈdrin-ən, ˈdrun-ən ",ˈdrin-ən,,,,,,,
Kogi-144_tofly-1,,Kogi,144_tofly,huehuˈen-ĩ ,huehuˈen-ĩ,,,,,,,
Pech-181_towalk-1,,Pech,181_towalk,"nà-/nè-Ø, tàhtèʃ-k-, †kapìs-k- ",nà-,,,,,,,
Atanques-181_towalk-1,,Atanques,181_towalk,⊘,⊘,,,,,,,
Damana-181_towalk-1,,Damana,181_towalk,"naj-an, na-i ",naj-an,,,,,,,
Ika-181_towalk-1,,Ika,181_towalk,nain,nain,,,,,,,
Kogi-181_towalk-1,,Kogi,181_towalk,ˈnẽh-i,ˈnẽh-i,,,,,,,
Pech-132_tocome-1,,Pech,132_tocome," √ -poʔ-, teʃkíʃoɾ-ká tèʔ-k- ",√ -poʔ-,,,,,,,
Atanques-132_tocome-1,,Atanques,132_tocome,⊘,⊘,,,,,,,
Damana-132_tocome-1,,Damana,132_tocome,nak-an,nak-an,,,,,,,
Ika-132_tocome-1,,Ika,132_tocome,ˈnak-ən,ˈnak-ən,,,,,,,
Kogi-132_tocome-1,,Kogi,132_tocome,ˈnaʃ-ĩ,ˈnaʃ-ĩ,,,,,,,
Pech-154_tolieasinabed-1,,Pech,154_tolieasinabed,apìʃ-k- ,apìʃ-k-,,,,,,,
Atanques-154_tolieasinabed-1,,Atanques,154_tolieasinabed,⊘,⊘,,,,,,,
Damana-154_tolieasinabed-1,,Damana,154_tolieasinabed,ɡewa-i,ɡewa-i,,,,,,,
Ika-154_tolieasinabed-1,,Ika,154_tolieasinabed,"aˈɡak-ən, ˈpənkw-ən",aˈɡak-ən,,,,,,,
Kogi-154_tolieasinabed-1,,Kogi,154_tolieasinabed,ɡekuˈəld-i,ɡekuˈəld-i,,,,,,,
Pech-165_tosit-1,,Pech,165_tosit,àʃàh- (à ~ ì) ,àʃàh-,,,,,,,
Atanques-165_tosit-1,,Atanques,165_tosit,⊘,⊘,,,,,,,
Damana-165_tosit-1,,Damana,165_tosit,a-ku-teʃ-i,a-ku-teʃ-i,,,,,,,
Ika-165_tosit-1,,Ika,165_tosit,ˈas-ən,ˈas-ən,,,,,,,
Kogi-165_tosit-1,,Kogi,165_tosit,"i-ˈʒoʃ-ĩ, i-ˈʒaʃ-ĩ ",i-ˈʒoʃ-ĩ,,,,,,,
Pech-172_tostand-1,,Pech,172_tostand,tapèːh- ,tapèːh-,,,,,,,
Atanques-172_tostand-1,,Atanques,172_tostand,⊘,⊘,,,,,,,
Damana-172_tostand-1,,Damana,172_tostand,te muʃ-i ,te muʃ-i,,,,,,,
Ika-172_tostand-1,,Ika,172_tostand,nuˈɡwen-ən,nuˈɡwen-ən,,,,,,,
Kogi-172_tostand-1,,Kogi,172_tostand,"ak-ˈldoʃ-ĩ, ak-ˈldaʃ-ĩ ",ak-ˈldoʃ-ĩ,,,,,,,
Pech-179_toturnintransitive-1,,Pech,179_toturnintransitive,"tàwaɾàːk-k-, tawàɾaʃàh-/-ʃíh- ",tàwaɾàːk-k-,,,,,,,
Atanques-179_toturnintransitive-1,,Atanques,179_toturnintransitive,⊘,⊘,,,,,,,
Damana-179_toturnintransitive-1,,Damana,179_toturnintransitive,⊘,⊘,,,,,,,
Ika-179_toturnintransitive-1,,Ika,179_toturnintransitive,⊘,⊘,,,,,,,
Kogi-179_toturnintransitive-1,,Kogi,179_toturnintransitive,⊘,⊘,,,,,,,
Pech-139_tofall-1,,Pech,139_tofall,"ã́h- (ã́ ~ ã́j), náh-, náhápìʃ-k-, tawàɾʃ-k- ",ã́h-,,,,,,,
Atanques-139_tofall-1,,Atanques,139_tofall,⊘,⊘,,,,,,,
Damana-139_tofall-1,,Damana,139_tofall,"ʃeʒ-i, a-ʃeʒ-i ",ʃeʒ-i,,,,,,,
Ika-139_tofall-1,,Ika,139_tofall,wˈaʔn-ən,wˈaʔn-ən,,,,,,,
Kogi-139_tofall-1,,Kogi,139_tofall,ˈpen-i,ˈpen-i,,,,,,,
Pech-146_togive-1,,Pech,146_togive,"ã̀h- (ã̀ ~ ẽ̀), wìːʃ-Ø, †wis- ",ã̀h-,,,,,,,
Atanques-146_togive-1,,Atanques,146_togive,⊘,⊘,,,,,,,
Damana-146_togive-1,,Damana,146_togive,a-kau-i,a-kau-i,,,,,,,
Ika-146_togive-1,,Ika,146_togive,aʔˈwes-ən,aʔˈwes-ən,,,,,,,
Kogi-146_togive-1,,Kogi,146_togive,ak-ˈkãuw-i,ak-ˈkãuw-i,,,,,,,
Pech-149_tohold-1,,Pech,149_tohold,sukùh- ,sukùh-,,,,,,,
Atanques-149_tohold-1,,Atanques,149_tohold,⊘,⊘,,,,,,,
Damana-149_tohold-1,,Damana,149_tohold,apan-a-twan,apan-a-twan,,,,,,,
Ika-149_tohold-1,,Ika,149_tohold,riˈɡis-ən,riˈɡis-ən,,,,,,,
Kogi-149_tohold-1,,Kogi,149_tohold,"ak-suˈi, ak-ˈpan-i",ak-suˈi,,,,,,,
Pech-170_tosqueeze-1,,Pech,170_tosqueeze,"mijõ̀ʃ-k, pèːka-, witíh-",mijõ̀ʃ-k,,,,,,,
Atanques-170_tosqueeze-1,,Atanques,170_tosqueeze,⊘,⊘,,,,,,,
Damana-170_tosqueeze-1,,Damana,170_tosqueeze,tɨnɡ-apan-a ,tɨnɡ-apan-a,,,,,,,
Ika-170_tosqueeze-1,,Ika,170_tosqueeze,ˈkaɨ reʔˈɡaw-ən ,ˈkaɨ reʔˈɡaw-ən,,,,,,,
Kogi-170_tosqueeze-1,,Kogi,170_tosqueeze,ak-ˈbaŋ-ɡu-i,ak-ˈbaŋ-ɡu-i,,,,,,,
Pech-159_torub-1,,Pech,159_torub,"bèɾs-k-, èɾʃ-k- ",bèɾs-k-,,,,,,,
Atanques-159_torub-1,,Atanques,159_torub,⊘,⊘,,,,,,,
Damana-159_torub-1,,Damana,159_torub,sinˈsɨn ,sinˈsɨn,,,,,,,
Ika-159_torub-1,,Ika,159_torub,aʔsiˈris-ən,aʔsiˈris-ən,,,,,,,
Kogi-159_torub-1,,Kogi,159_torub,ʃət-ˈʃət-ɡu-ĩ ,ʃət-ˈʃət-ɡu-ĩ,,,,,,,
Pech-182_towash-1,,Pech,182_towash,"akamàs-k-, súk- (~ sùk- ?), †amas-k- ",akamàs-k-,,,,,,,
Atanques-182_towash-1,,Atanques,182_towash,⊘,⊘,,,,,,,
Damana-182_towash-1,,Damana,182_towash,"a-tuʃ-i, i-tuʃ-i ",a-tuʃ-i,,,,,,,
Ika-182_towash-1,,Ika,182_towash,aʔˈʧukkw-ən,aʔˈʧukkw-ən,,,,,,,
Kogi-182_towash-1,,Kogi,182_towash,i-ˈhiʒ-i ,i-ˈhiʒ-i,,,,,,,
Pech-183_towipe-1,,Pech,183_towipe,⊘,⊘,,,,,,,
Atanques-183_towipe-1,,Atanques,183_towipe,⊘,⊘,,,,,,,
Damana-183_towipe-1,,Damana,183_towipe,⊘,⊘,,,,,,,
Ika-183_towipe-1,,Ika,183_towipe,⊘,⊘,,,,,,,
Kogi-183_towipe-1,,Kogi,183_towipe,⊘,⊘,,,,,,,
Pech-157_topull-1,,Pech,157_topull,ĩh- ,ĩh-,,,,,,,
Atanques-157_topull-1,,Atanques,157_topull,⊘,⊘,,,,,,,
Damana-157_topull-1,,Damana,157_topull,ɡɨʒ-i,ɡɨʒ-i,,,,,,,
Ika-157_topull-1,,Ika,157_topull,wəˈrəss-ən ,wəˈrəss-ən,,,,,,,
Kogi-157_topull-1,,Kogi,157_topull,suˈət-ɡu-ĩ,suˈət-ɡu-ĩ,,,,,,,
Pech-158_topush-1,,Pech,158_topush,aɾã́s-k- ,aɾã́s-k-,,,,,,,
Atanques-158_topush-1,,Atanques,158_topush,⊘,⊘,,,,,,,
Damana-158_topush-1,,Damana,158_topush,ˈɨrkɨt-i,ˈɨrkɨt-i,,,,,,,
Ika-158_topush-1,,Ika,158_topush,araʔˈtwis-ən,araʔˈtwis-ən,,,,,,,
Kogi-158_topush-1,,Kogi,158_topush,jo axa-ˈldeʃ-i ,jo axa-ˈldeʃ-i,,,,,,,
Pech-177_tothrow-1,,Pech,177_tothrow,"aɾtṹh-, √ kás-k-, kásnàʔ-, kástòːk-k- ",aɾtṹh-,,,,,,,
Atanques-177_tothrow-1,,Atanques,177_tothrow,⊘,⊘,,,,,,,
Damana-177_tothrow-1,,Damana,177_tothrow,wasisi,wasisi,,,,,,,
Ika-177_tothrow-1,,Ika,177_tothrow,aʔˈpəss-ən,aʔˈpəss-ən,,,,,,,
Kogi-177_tothrow-1,,Kogi,177_tothrow,u-ˈtẽh-i,u-ˈtẽh-i,,,,,,,
Pech-178_totie-1,,Pech,178_totie,"bɾìː-k-, istìk-k-, tìk-k- ",bɾìː-k-,,,,,,,
Atanques-178_totie-1,,Atanques,178_totie,⊘,⊘,,,,,,,
Damana-178_totie-1,,Damana,178_totie,ri-nʒi-i ,ri-nʒi-i,,,,,,,
Ika-178_totie-1,,Ika,178_totie,ˈaʔʤ-ən,ˈaʔʤ-ən,,,,,,,
Kogi-178_totie-1,,Kogi,178_totie,i-ˈttih-ĩ ,i-ˈttih-ĩ,,,,,,,
Pech-163_tosew-1,,Pech,163_tosew,poɾ-k- ,poɾ-k-,,,,,,,
Atanques-163_tosew-1,,Atanques,163_tosew,⊘,⊘,,,,,,,
Damana-163_tosew-1,,Damana,163_tosew,ʃi-iˈu-ʃi,ʃi-iˈu-ʃi,,,,,,,
Ika-163_tosew-1,,Ika,163_tosew,ˈkuʤ-ən,ˈkuʤ-ən,,,,,,,
Kogi-163_tosew-1,,Kogi,163_tosew,ʃi-hiˈũw-i,ʃi-hiˈũw-i,,,,,,,
Pech-133_tocount-1,,Pech,133_tocount,awèʃ-k- ,awèʃ-k-,,,,,,,
Atanques-133_tocount-1,,Atanques,133_tocount,⊘,⊘,,,,,,,
Damana-133_tocount-1,,Damana,133_tocount,⊘,⊘,,,,,,,
Ika-133_tocount-1,,Ika,133_tocount,⊘,⊘,,,,,,,
Kogi-133_tocount-1,,Kogi,133_tocount,⊘,⊘,,,,,,,
Pech-160_tosay-1,,Pech,160_tosay,"aʔìʃ-k-, ɲã̀h-(ã̀ ~ ẽ̀), √ -paʃ- ",aʔìʃ-k-,,,,,,,
Atanques-160_tosay-1,,Atanques,160_tosay,⊘,⊘,,,,,,,
Damana-160_tosay-1,,Damana,160_tosay,"ɨ-ɡ-w-i-i, ɡwaʃ-i ",ɨ-ɡ-w-i-i,,,,,,,
Ika-160_tosay-1,,Ika,160_tosay,"ʒ-ən, ɡwak-ən ",ʒ-ən,,,,,,,
Kogi-160_tosay-1,,Kogi,160_tosay,"ak-ˈbẽh-i, ɡuˈaʃ-i ",ak-ˈbẽh-i,,,,,,,
Pech-164_tosing-1,,Pech,164_tosing,ijèʃ-k- ,ijèʃ-k-,,,,,,,
Atanques-164_tosing-1,,Atanques,164_tosing,⊘,⊘,,,,,,,
Damana-164_tosing-1,,Damana,164_tosing,ʒa-mai-i,ʒa-mai-i,,,,,,,
Ika-164_tosing-1,,Ika,164_tosing,zaˈmaʒ-ən,zaˈmaʒ-ən,,,,,,,
Kogi-164_tosing-1,,Kogi,164_tosing,zu-ˈbẽh-i,zu-ˈbẽh-i,,,,,,,
Pech-156_toplay-1,,Pech,156_toplay,"abɾìh-, únúʃ-t- ",abɾìh-,,,,,,,
Atanques-156_toplay-1,,Atanques,156_toplay,⊘,⊘,,,,,,,
Damana-156_toplay-1,,Damana,156_toplay,⊘,⊘,,,,,,,
Ika-156_toplay-1,,Ika,156_toplay,⊘,⊘,,,,,,,
Kogi-156_toplay-1,,Kogi,156_toplay,⊘,⊘,,,,,,,
Pech-142_tofloat-1,,Pech,142_tofloat,⊘,⊘,,,,,,,
Atanques-142_tofloat-1,,Atanques,142_tofloat,⊘,⊘,,,,,,,
Damana-142_tofloat-1,,Damana,142_tofloat,⊘,⊘,,,,,,,
Ika-142_tofloat-1,,Ika,142_tofloat,⊘,⊘,,,,,,,
Kogi-142_tofloat-1,,Kogi,142_tofloat,⊘,⊘,,,,,,,
Pech-143_toflow-1,,Pech,143_toflow,awìʔwàɾ-t- ,awìʔwàɾ-t-,,,,,,,
Atanques-143_toflow-1,,Atanques,143_toflow,⊘,⊘,,,,,,,
Damana-143_toflow-1,,Damana,143_toflow,⊘,⊘,,,,,,,
Ika-143_toflow-1,,Ika,143_toflow,⊘,⊘,,,,,,,
Kogi-143_toflow-1,,Kogi,143_toflow,zaˈbih-ĩ,zaˈbih-ĩ,,,,,,,
Pech-145_tofreeze-1,,Pech,145_tofreeze, †sajnis-t- ,†sajnis-t-,,,,,,,
Atanques-145_tofreeze-1,,Atanques,145_tofreeze,⊘,⊘,,,,,,,
Damana-145_tofreeze-1,,Damana,145_tofreeze,⊘,⊘,,,,,,,
Ika-145_tofreeze-1,,Ika,145_tofreeze,ən-kəˈʧan-ən,ən-kəˈʧan-ən,,,,,,,
Kogi-145_tofreeze-1,,Kogi,145_tofreeze,⊘,⊘,,,,,,,
Pech-174_toswell-1,,Pech,174_toswell,põːk-t- ,põːk-t-,,,,,,,
Atanques-174_toswell-1,,Atanques,174_toswell,⊘,⊘,,,,,,,
Damana-174_toswell-1,,Damana,174_toswell,ri-ɡwiʒ-i,ri-ɡwiʒ-i,,,,,,,
Ika-174_toswell-1,,Ika,174_toswell,ˈwin-ən,ˈwin-ən,,,,,,,
Kogi-174_toswell-1,,Kogi,174_toswell,i-ˈhiʒ-ĩ,i-ˈhiʒ-ĩ,,,,,,,
Pech-119_sun-1,,Pech,119_sun,"ã̀ː, †hak, †haʔá ",ã̀ː,,,,,,,
Atanques-119_sun-1,,Atanques,119_sun,<koköbúnyo>,<koköbúnyo>,,,,,,,
Damana-119_sun-1,,Damana,119_sun,"mamaduˈisa ˈʤui, ˈmamon ʤuˈisa ",mamaduˈisa ˈʤui,,,,,,,
Ika-119_sun-1,,Ika,119_sun,ʤwi,ʤwi,,,,,,,
Kogi-119_sun-1,,Kogi,119_sun,niˈũwi,niˈũwi,,,,,,,
Pech-77_moon-1,,Pech,77_moon,"jawí, jiwí (~ juwí) ",jawí,,,,,,,
Atanques-77_moon-1,,Atanques,77_moon,<sakaméru>,<sakaméru>,,,,,,,
Damana-77_moon-1,,Damana,77_moon,"saɡa, sibiˈa-kukwi",saɡa,,,,,,,
Ika-77_moon-1,,Ika,77_moon,ˈtima,ˈtima,,,,,,,
Kogi-77_moon-1,,Kogi,77_moon,ˈsaxa,ˈsaxa,,,,,,,
Pech-115_star-1,,Pech,115_star,piɾíwá,piɾíwá,,,,,,,
Atanques-115_star-1,,Atanques,115_star,<sikúku>,<sikúku>,,,,,,,
Damana-115_star-1,,Damana,115_star,ʒandumaja,ʒandumaja,,,,,,,
Ika-115_star-1,,Ika,115_star,wiraˈkoʔku,wiraˈkoʔku,,,,,,,
Kogi-115_star-1,,Kogi,115_star,zuˈmeja,zuˈmeja,,,,,,,
Pech-189_water-1,,Pech,189_water,"asò, asowàʔ",asò,,,,,,,
Atanques-189_water-1,,Atanques,189_water,<dita>,<dita>,,,,,,,
Damana-189_water-1,,Damana,189_water,"di-ra, ˈʤira ",di-ra,,,,,,,
Ika-189_water-1,,Ika,189_water,ʤe,ʤe,,,,,,,
Kogi-189_water-1,,Kogi,189_water,ˈni,ˈni,,,,,,,
Pech-92_rain-1,,Pech,92_rain, †paɾmi ,†paɾmi,,,,,,,
Atanques-92_rain-1,,Atanques,92_rain,<dináshui>,<dináshui>,,,,,,,
Damana-92_rain-1,,Damana,92_rain,"di-wa, ʒiuamˈburu",di-wa,,,,,,,
Ika-92_rain-1,,Ika,92_rain,ˈʤewɨ,ˈʤewɨ,,,,,,,
Kogi-92_rain-1,,Kogi,92_rain,ˈni-xəldə,ˈni-xəldə,,,,,,,
Pech-95_river-1,,Pech,95_river,"asò, asowàʔ, †paɾmi ",asò,,,,,,,
Atanques-95_river-1,,Atanques,95_river,<díta>,<díta>,,,,,,,
Damana-95_river-1,,Damana,95_river,"dukˈʃwi, dukˈʃui, ˈtokʃi",dukˈʃwi,,,,,,,
Ika-95_river-1,,Ika,95_river,ʤeˈswi,ʤeˈswi,,,,,,,
Kogi-95_river-1,,Kogi,95_river,ˈnina,ˈnina,,,,,,,
Pech-67_lake-1,,Pech,67_lake,lawùnah-á ,lawùnah-á,,,,,,,
Atanques-67_lake-1,,Atanques,67_lake,<pósu>,<pósu>,,,,,,,
Damana-67_lake-1,,Damana,67_lake,a-ku-di-wa,a-ku-di-wa,,,,,,,
Ika-67_lake-1,,Ika,67_lake,ˈʤiwi,ˈʤiwi,,,,,,,
Kogi-67_lake-1,,Kogi,67_lake,ˈniwa,ˈniwa,,,,,,,
Pech-103_sea-1,,Pech,103_sea,také,také,,,,,,,
Atanques-103_sea-1,,Atanques,103_sea,⊘,⊘,,,,,,,
Damana-103_sea-1,,Damana,103_sea,dibu,dibu,,,,,,,
Ika-103_sea-1,,Ika,103_sea,ˈʤiwɨ,ˈʤiwɨ,,,,,,,
Kogi-103_sea-1,,Kogi,103_sea,ˈni-buni,ˈni-buni,,,,,,,
Pech-101_salt-1,,Pech,101_salt,také,také,,,,,,,
Atanques-101_salt-1,,Atanques,101_salt,<nöngüi>,<nöngüi>,,,,,,,
Damana-101_salt-1,,Damana,101_salt,nɨnɡu,nɨnɡu,,,,,,,
Ika-101_salt-1,,Ika,101_salt,ˈnəɡɡwɨ,ˈnəɡɡwɨ,,,,,,,
Kogi-101_salt-1,,Kogi,101_salt,ˈnəkku,ˈnəkku,,,,,,,
Pech-117_stone-1,,Pech,117_stone,"asà, sàʔ ",asà,,,,,,,
Atanques-117_stone-1,,Atanques,117_stone,<aguína>,<aguína>,,,,,,,
Damana-117_stone-1,,Damana,117_stone,ɨnɡina,ɨnɡina,,,,,,,
Ika-117_stone-1,,Ika,117_stone,ˈaʔnɨ,ˈaʔnɨ,,,,,,,
Kogi-117_stone-1,,Kogi,117_stone,ˈhəɡɡi,ˈhəɡɡi,,,,,,,
Pech-102_sand-1,,Pech,102_sand," √ sujaɾs, úʔu ",√ sujaɾs,,,,,,,
Atanques-102_sand-1,,Atanques,102_sand,<unyu>,<unyu>,,,,,,,
Damana-102_sand-1,,Damana,102_sand,unʒu,unʒu,,,,,,,
Ika-102_sand-1,,Ika,102_sand,ˈuzu,ˈuzu,,,,,,,
Kogi-102_sand-1,,Kogi,102_sand,uˈwĩ,uˈwĩ,,,,,,,
Pech-28_dust-1,,Pech,28_dust," √ puk-, tikó (~ tokó), tokó, †kakkú ",√ puk-,,,,,,,
Atanques-28_dust-1,,Atanques,28_dust,⊘,⊘,,,,,,,
Damana-28_dust-1,,Damana,28_dust,katumawa ,katumawa,,,,,,,
Ika-28_dust-1,,Ika,28_dust,kaʔ-ˈpurɨ,kaʔ-ˈpurɨ,,,,,,,
Kogi-28_dust-1,,Kogi,28_dust,kak-si-ˈbuldi,kak-si-ˈbuldi,,,,,,,
Pech-30_earth-1,,Pech,30_earth,"kùk-ká, kúk-ká (esp. in derived forms) ",kùk-ká,,,,,,,
Atanques-30_earth-1,,Atanques,30_earth,<nebinyàku>,<nebinyàku>,,,,,,,
Damana-30_earth-1,,Damana,30_earth,kɨn-ɡɨma,kɨn-ɡɨma,,,,,,,
Ika-30_earth-1,,Ika,30_earth,ˈkaʔa,ˈkaʔa,,,,,,,
Kogi-30_earth-1,,Kogi,30_earth,ˈkaɡɡi,ˈkaɡɡi,,,,,,,
Pech-20_cloud-1,,Pech,20_cloud,wanàk-ká ,wanàk-ká,,,,,,,
Atanques-20_cloud-1,,Atanques,20_cloud,<múña>,<múña>,,,,,,,
Damana-20_cloud-1,,Damana,20_cloud,moɲa sen ,moɲa sen,,,,,,,
Ika-20_cloud-1,,Ika,20_cloud,ˈməɲɨ,ˈməɲɨ,,,,,,,
Kogi-20_cloud-1,,Kogi,20_cloud,ˈmauwi,ˈmauwi,,,,,,,
Pech-43_fog-1,,Pech,43_fog,wanàk-ká ,wanàk-ká,,,,,,,
Atanques-43_fog-1,,Atanques,43_fog,⊘,⊘,,,,,,,
Damana-43_fog-1,,Damana,43_fog,moɲa-nɡena,moɲa-nɡena,,,,,,,
Ika-43_fog-1,,Ika,43_fog,⊘,⊘,,,,,,,
Kogi-43_fog-1,,Kogi,43_fog,mauŋ-ˈɡenəŋ,mauŋ-ˈɡenəŋ,,,,,,,
Pech-108_sky-1,,Pech,108_sky,piɾí,piɾí,,,,,,,
Atanques-108_sky-1,,Atanques,108_sky,"<kakeruáke>, <matruaríke>",<kakeruáke>,,,,,,,
Damana-108_sky-1,,Damana,108_sky,kanʧiˈkjama,kanʧiˈkjama,,,,,,,
Ika-108_sky-1,,Ika,108_sky,kuʔˈnawa,kuʔˈnawa,,,,,,,
Kogi-108_sky-1,,Kogi,108_sky,alˈnobə,alˈnobə,,,,,,,
Pech-199_wind-1,,Pech,199_wind,ũpìʃ-ká ,ũpìʃ-ká,,,,,,,
Atanques-199_wind-1,,Atanques,199_wind,<buníte>,<buníte>,,,,,,,
Damana-199_wind-1,,Damana,199_wind,burta,burta,,,,,,,
Ika-199_wind-1,,Ika,199_wind,ˈbuntikənɨ,ˈbuntikənɨ,,,,,,,
Kogi-199_wind-1,,Kogi,199_wind,ˈmul-kəldə,ˈmul-kəldə,,,,,,,
Pech-113_snow-1,,Pech,113_snow,tokòsã́,tokòsã́,,,,,,,
Atanques-113_snow-1,,Atanques,113_snow,<damöngán>,<damöngán>,,,,,,,
Damana-113_snow-1,,Damana,113_snow,dɨm,dɨm,,,,,,,
Ika-113_snow-1,,Ika,113_snow,ʤən,ʤən,,,,,,,
Kogi-113_snow-1,,Kogi,113_snow,nuˈwabi,nuˈwabi,,,,,,,
Pech-63_ice-1,,Pech,63_ice,⊘,⊘,,,,,,,
Atanques-63_ice-1,,Atanques,63_ice,⊘,⊘,,,,,,,
Damana-63_ice-1,,Damana,63_ice,dɨmɨ-nɡɨna,dɨmɨ-nɡɨna,,,,,,,
Ika-63_ice-1,,Ika,63_ice,ˈʤwabu,ˈʤwabu,,,,,,,
Kogi-63_ice-1,,Kogi,63_ice,nəbbuˈɡəldə,nəbbuˈɡəldə,,,,,,,
Pech-110_smoke-1,,Pech,110_smoke,"ũ̀h-, -wã̀s-ká ",ũ̀h-,,,,,,,
Atanques-110_smoke-1,,Atanques,110_smoke,<súta>,<súta>,,,,,,,
Damana-110_smoke-1,,Damana,110_smoke,suta,suta,,,,,,,
Ika-110_smoke-1,,Ika,110_smoke,ˈzaʧa,ˈzaʧa,,,,,,,
Kogi-110_smoke-1,,Kogi,110_smoke,ĩhiˈa,ĩhiˈa,,,,,,,
Pech-39_fire-1,,Pech,39_fire,"tã́jbɾí, tẽ̀ːwa (~ tã̀jwa) ",tã́jbɾí,,,,,,,
Atanques-39_fire-1,,Atanques,39_fire,<guié>,<guié>,,,,,,,
Damana-39_fire-1,,Damana,39_fire,ɡie,ɡie,,,,,,,
Ika-39_fire-1,,Ika,39_fire,ɡei,ɡei,,,,,,,
Kogi-39_fire-1,,Kogi,39_fire,ɡukˈsẽ,ɡukˈsẽ,,,,,,,
Pech-6_ash-1,,Pech,6_ash,"tikó (~ tokó), tokó ",tikó,,,,,,,
Atanques-6_ash-1,,Atanques,6_ash,<bun>,<bun>,,,,,,,
Damana-6_ash-1,,Damana,6_ash,bɨn,bɨn,,,,,,,
Ika-6_ash-1,,Ika,6_ash,ˈbun-zə-ɡa,ˈbun-zə-ɡa,,,,,,,
Kogi-6_ash-1,,Kogi,6_ash,ˈmuldi,ˈmuldi,,,,,,,
Pech-131_toburn-1,,Pech,131_toburn,sàh-/sàjh- (intransitive) ,sàh-,,,,,,,
Atanques-131_toburn-1,,Atanques,131_toburn,⊘,⊘,,,,,,,
Damana-131_toburn-1,,Damana,131_toburn,"puʒ-i, ɡaʃ-i ",puʒ-i,,,,,,,
Ika-131_toburn-1,,Ika,131_toburn,"aʔˈnes-ən, ˈpun-ən",aʔˈnes-ən,,,,,,,
Kogi-131_toburn-1,,Kogi,131_toburn,"ˈpuld-i, ˈjoʃ-ĩ ",ˈpuld-i,,,,,,,
Pech-96_road-1,,Pech,96_road,"tàːh-á/taʔaha, tàʔah-a (~ tàːha) ",tàːh-á,,,,,,,
Atanques-96_road-1,,Atanques,96_road,<unguekoköna>,<unguekoköna>,,,,,,,
Damana-96_road-1,,Damana,96_road,inɡuna,inɡuna,,,,,,,
Ika-96_road-1,,Ika,96_road,ˈinɡwənɨ,ˈinɡwənɨ,,,,,,,
Kogi-96_road-1,,Kogi,96_road,hiũŋɡulda,hiũŋɡulda,,,,,,,
Pech-79_mountain-1,,Pech,79_mountain,"ʃòːk-ká, wàhá ",ʃòːk-ká,,,,,,,
Atanques-79_mountain-1,,Atanques,79_mountain,⊘,⊘,,,,,,,
Damana-79_mountain-1,,Damana,79_mountain,kɨn-kɨna,kɨn-kɨna,,,,,,,
Ika-79_mountain-1,,Ika,79_mountain,"ˈɡwirkənɨ, ˈɡwirkənən",ˈɡwirkənɨ,,,,,,,
Kogi-79_mountain-1,,Kogi,79_mountain,"ˈɡaxa, ɡuˈinue ",ˈɡaxa,,,,,,,
Pech-93_red-1,,Pech,93_red,"pã̀wã, √ táʔ- ",pã̀wã,,,,,,,
Atanques-93_red-1,,Atanques,93_red,<yikánka>,<yikánka>,,,,,,,
Damana-93_red-1,,Damana,93_red,ɨnzisi,ɨnzisi,,,,,,,
Ika-93_red-1,,Ika,93_red,ziʔ,ziʔ,,,,,,,
Kogi-93_red-1,,Kogi,93_red,əˈʦɨʃi,əˈʦɨʃi,,,,,,,
Pech-51_green-1,,Pech,51_green,"sáʔká, waɾáʔ",sáʔká,,,,,,,
Atanques-51_green-1,,Atanques,51_green,<atahkáye>,<atahkáye>,,,,,,,
Damana-51_green-1,,Damana,51_green,ˈitiki,ˈitiki,,,,,,,
Ika-51_green-1,,Ika,51_green,ʧikiˈruru,ʧikiˈruru,,,,,,,
Kogi-51_green-1,,Kogi,51_green,əˈtaʃi,əˈtaʃi,,,,,,,
Pech-205_yellow-1,,Pech,205_yellow,sèːwa ,sèːwa,,,,,,,
Atanques-205_yellow-1,,Atanques,205_yellow,⊘,⊘,,,,,,,
Damana-205_yellow-1,,Damana,205_yellow,kɨʃkwama ,kɨʃkwama,,,,,,,
Ika-205_yellow-1,,Ika,205_yellow,ˈʧəmmi,ˈʧəmmi,,,,,,,
Kogi-205_yellow-1,,Kogi,205_yellow,əˈʦɨʃi ,əˈʦɨʃi,,,,,,,
Pech-195_white-1,,Pech,195_white,"bíːsa-, kabísa, kamàːsá",bíːsa-,,,,,,,
Atanques-195_white-1,,Atanques,195_white,⊘,⊘,,,,,,,
Damana-195_white-1,,Damana,195_white,ambɨnʃi ,ambɨnʃi,,,,,,,
Ika-195_white-1,,Ika,195_white,ˈbunsi kawa ,ˈbunsi kawa,,,,,,,
Kogi-195_white-1,,Kogi,195_white,aˈbuʧi ,aˈbuʧi,,,,,,,
Pech-15_black-1,,Pech,15_black,"sã̀wk-wá, sõ̀kwá ",sã̀wk-wá,,,,,,,
Atanques-15_black-1,,Atanques,15_black,<niakönke>,<niakönke>,,,,,,,
Damana-15_black-1,,Damana,15_black,amɨkʃi ,amɨkʃi,,,,,,,
Ika-15_black-1,,Ika,15_black,twi kawa ,twi kawa,,,,,,,
Kogi-15_black-1,,Kogi,15_black,aˈbəksɨ ,aˈbəksɨ,,,,,,,
Pech-85_night-1,,Pech,85_night,kàki,kàki,,,,,,,
Atanques-85_night-1,,Atanques,85_night,<chinke>,<chinke>,,,,,,,
Damana-85_night-1,,Damana,85_night,ʃe,ʃe,,,,,,,
Ika-85_night-1,,Ika,85_night,ˈsei.aʔ,ˈsei.aʔ,,,,,,,
Kogi-85_night-1,,Kogi,85_night,ˈse-sɨŋ,ˈse-sɨŋ,,,,,,,
Pech-23_day-1,,Pech,23_day,"ã̀ː, kù-, pan-, †aha, †hak, †haʔá ",ã̀ː,,,,,,,
Atanques-23_day-1,,Atanques,23_day,<andüi>,<andüi>,,,,,,,
Damana-23_day-1,,Damana,23_day,duˈia,duˈia,,,,,,,
Ika-23_day-1,,Ika,23_day,ˈʤwi.aʔ,ˈʤwi.aʔ,,,,,,,
Kogi-23_day-1,,Kogi,23_day,"niˈũwi, niˈũwi-sɨŋ ",niˈũwi,,,,,,,
Pech-204_year-1,,Pech,204_year,kwih-á ,kwih-á,,,,,,,
Atanques-204_year-1,,Atanques,204_year,<kögui>,<kögui>,,,,,,,
Damana-204_year-1,,Damana,204_year,kɨɡɡi,kɨɡɡi,,,,,,,
Ika-204_year-1,,Ika,204_year,ˈkəɡɡi,ˈkəɡɡi,,,,,,,
Kogi-204_year-1,,Kogi,204_year,ˈkaɡɡi,ˈkaɡɡi,,,,,,,
Pech-188_warm-1,,Pech,188_warm,"nãjhnã́jna, taòkwa ",nãjhnã́jna,,,,,,,
Atanques-188_warm-1,,Atanques,188_warm,<uinanyéne>,<uinanyéne>,,,,,,,
Damana-188_warm-1,,Damana,188_warm,wi a-anʒɨn-ɡa,wi a-anʒɨn-ɡa,,,,,,,
Ika-188_warm-1,,Ika,188_warm,ˈwiwi kawa ,ˈwiwi kawa,,,,,,,
Kogi-188_warm-1,,Kogi,188_warm,ɡuˈaŋɡua,ɡuˈaŋɡua,,,,,,,
Pech-21_cold-1,,Pech,21_cold," √ sẽ́-, sẽ́wá, tajsa ",√ sẽ́-,,,,,,,
Atanques-21_cold-1,,Atanques,21_cold,<fúre>,<fúre>,,,,,,,
Damana-21_cold-1,,Damana,21_cold,se,se,,,,,,,
Ika-21_cold-1,,Ika,21_cold,kɨ kawa ,kɨ kawa,,,,,,,
Kogi-21_cold-1,,Kogi,21_cold,suˈi ,suˈi,,,,,,,
Pech-48_full-1,,Pech,48_full,ã́jɲã ,ã́jɲã,,,,,,,
Atanques-48_full-1,,Atanques,48_full,<kunáni>,<kunáni>,,,,,,,
Damana-48_full-1,,Damana,48_full,kut,kut,,,,,,,
Ika-48_full-1,,Ika,48_full,ˈkoʔo,ˈkoʔo,,,,,,,
Kogi-48_full-1,,Kogi,48_full,hiˈəldə,hiˈəldə,,,,,,,
Pech-84_new-1,,Pech,84_new,"ìʔká, wàjʔkaʔ (~ wàʔikaʔ, Carbón dialect)",ìʔká,,,,,,,
Atanques-84_new-1,,Atanques,84_new,⊘,⊘,,,,,,,
Damana-84_new-1,,Damana,84_new,ambɨˈsi,ambɨˈsi,,,,,,,
Ika-84_new-1,,Ika,84_new,aˈbitti,aˈbitti,,,,,,,
Kogi-84_new-1,,Kogi,84_new,aˈbisə ,aˈbisə,,,,,,,
Pech-88_old-1,,Pech,88_old,"ámã̀ʔa, amú(ː)ktá, múkta, ",ámã̀ʔa,,,,,,,
Atanques-88_old-1,,Atanques,88_old,<ahtöna>,<ahtöna>,,,,,,,
Damana-88_old-1,,Damana,88_old,ɨttɨna ,ɨttɨna,,,,,,,
Ika-88_old-1,,Ika,88_old,aˈʧənna,aˈʧənna,,,,,,,
Kogi-88_old-1,,Kogi,88_old,duˈeba ,duˈeba,,,,,,,
Pech-88_old-2,,Pech,88_old," √ ʃùwa, ʃúwaɾa, wàɾkí ",√ ʃùwa,,,,,,,
Pech-49_good-1,,Pech,49_good,"ã́jh-, ã́jhjã, ã́jɲã ",ã́jh-,,,,,,,
Atanques-49_good-1,,Atanques,49_good,<sukankanáu>,<sukankanáu>,,,,,,,
Damana-49_good-1,,Damana,49_good,ˈzu-nɨn-ka,ˈzu-nɨn-ka,,,,,,,
Ika-49_good-1,,Ika,49_good,du kawa ,du kawa,,,,,,,
Kogi-49_good-1,,Kogi,49_good,ˈhənʃiʒe,ˈhənʃiʒe,,,,,,,
Pech-9_bad-1,,Pech,9_bad," √ wàɾku-, wàɾkwa ",√ wàɾku-,,,,,,,
Atanques-9_bad-1,,Atanques,9_bad,<nononéka>,<nononéka>,,,,,,,
Damana-9_bad-1,,Damana,9_bad,wandua nɨn-ka,wandua nɨn-ka,,,,,,,
Ika-9_bad-1,,Ika,9_bad,du na-ʔ neika ,du na-ʔ neika,,,,,,,
Kogi-9_bad-1,,Kogi,9_bad,ˈʃane,ˈʃane,,,,,,,
Pech-99_rotten-1,,Pech,99_rotten,"bòkti, kamà ",bòkti,,,,,,,
Atanques-99_rotten-1,,Atanques,99_rotten,<nonoarihchín>,<nonoarihchín>,,,,,,,
Damana-99_rotten-1,,Damana,99_rotten,pɨkaˈn-a-nɨn-ka,pɨkaˈn-a-nɨn-ka,,,,,,,
Ika-99_rotten-1,,Ika,99_rotten,pəkˈkənna,pəkˈkənna,,,,,,,
Kogi-99_rotten-1,,Kogi,99_rotten,ɡəlˈdu-ne,ɡəlˈdu-ne,,,,,,,
Pech-24_dirty-1,,Pech,24_dirty,"akàwɾí, íʃpatakíʔ-wa, kakínàkí, páɾtãw, wàra ",akàwɾí,,,,,,,
Atanques-24_dirty-1,,Atanques,24_dirty,<tin-anayüne>,<tin-anayüne>,,,,,,,
Damana-24_dirty-1,,Damana,24_dirty,wandu-ˈkwa-i-ɡa,wandu-ˈkwa-i-ɡa,,,,,,,
Ika-24_dirty-1,,Ika,24_dirty,twi,twi,,,,,,,
Kogi-24_dirty-1,,Kogi,24_dirty,ˈnusa-ɡə-ʦe (nusa aɡ-ˈɡa-ʦe) ,ˈnusa-ɡə-ʦe,,,,,,,
Pech-118_straight-1,,Pech,118_straight,"jàstí, jéstí ",jàstí,,,,,,,
Atanques-118_straight-1,,Atanques,118_straight,⊘,⊘,,,,,,,
Damana-118_straight-1,,Damana,118_straight,sɨk-ˈkwa-i-ɡa,sɨk-ˈkwa-i-ɡa,,,,,,,
Ika-118_straight-1,,Ika,118_straight,ta,ta,,,,,,,
Kogi-118_straight-1,,Kogi,118_straight,hiˈən,hiˈən,,,,,,,
Pech-100_round-1,,Pech,100_round,wiʃĩ̀h- ,wiʃĩ̀h-,,,,,,,
Atanques-100_round-1,,Atanques,100_round,<dörönönke>,<dörönönke>,,,,,,,
Damana-100_round-1,,Damana,100_round,ɨnduru ,ɨnduru,,,,,,,
Ika-100_round-1,,Ika,100_round,ˈkokoro,ˈkokoro,,,,,,,
Kogi-100_round-1,,Kogi,100_round,ahuiˈnĩ,ahuiˈnĩ,,,,,,,
Pech-105_sharpasaknife-1,,Pech,105_sharpasaknife,"píspísta, tasíkje ",píspísta,,,,,,,
Atanques-105_sharpasaknife-1,,Atanques,105_sharpasaknife,⊘,⊘,,,,,,,
Damana-105_sharpasaknife-1,,Damana,105_sharpasaknife,a-mbi-kuˈm-a-nɨn-ka,a-mbi-kuˈm-a-nɨn-ka,,,,,,,
Ika-105_sharpasaknife-1,,Ika,105_sharpasaknife,ɡei aʔˈzɨna ,ɡei aʔˈzɨna,,,,,,,
Kogi-105_sharpasaknife-1,,Kogi,105_sharpasaknife,ˈhauwə-ne,ˈhauwə-ne,,,,,,,
Pech-27_dullasaknife-1,,Pech,27_dullasaknife,"butùkti, -súk-ká ",butùkti,,,,,,,
Atanques-27_dullasaknife-1,,Atanques,27_dullasaknife,⊘,⊘,,,,,,,
Damana-27_dullasaknife-1,,Damana,27_dullasaknife,bitu ni aˈw-a-nɨn-ka ,bitu ni aˈw-a-nɨn-ka,,,,,,,
Ika-27_dullasaknife-1,,Ika,27_dullasaknife,ɡeiˈaʔza-ʔ neika ,ɡeiˈaʔza-ʔ neika,,,,,,,
Kogi-27_dullasaknife-1,,Kogi,27_dullasaknife,ˈhauwa-ˈʒə-ne,ˈhauwa-ˈʒə-ne,,,,,,,
Pech-111_smooth-1,,Pech,111_smooth, √ sùɾ- ,√ sùɾ-,,,,,,,
Atanques-111_smooth-1,,Atanques,111_smooth,⊘,⊘,,,,,,,
Damana-111_smooth-1,,Damana,111_smooth,suru ˈkwa-i-ɡa ,suru ˈkwa-i-ɡa,,,,,,,
Ika-111_smooth-1,,Ika,111_smooth,ʒən,ʒən,,,,,,,
Kogi-111_smooth-1,,Kogi,111_smooth,ˈsulduk ,ˈsulduk,,,,,,,
Pech-191_wet-1,,Pech,191_wet," √ màs-, mã̀hmã̀jh-na, †kiniʃí ",√ màs-,,,,,,,
Atanques-191_wet-1,,Atanques,191_wet,⊘,⊘,,,,,,,
Damana-191_wet-1,,Damana,191_wet,twirin-a-nɨn-ka,twirin-a-nɨn-ka,,,,,,,
Ika-191_wet-1,,Ika,191_wet,tɨ na ,tɨ na,,,,,,,
Kogi-191_wet-1,,Kogi,191_wet,nuˈanə-ne,nuˈanə-ne,,,,,,,
Pech-26_dry-1,,Pech,26_dry,"ahájna, a(ː)ɾá(ː)ni ",ahájna,,,,,,,
Atanques-26_dry-1,,Atanques,26_dry,⊘,⊘,,,,,,,
Damana-26_dry-1,,Damana,26_dry,"ˈʒita, haˈn-a-nɨn-ka ",ˈʒita,,,,,,,
Ika-26_dry-1,,Ika,26_dry,ˈʤomɨ,ˈʤomɨ,,,,,,,
Kogi-26_dry-1,,Kogi,26_dry,ˈkana-ne,ˈkana-ne,,,,,,,
Pech-22_correct-1,,Pech,22_correct,awàkkán,awàkkán,,,,,,,
Atanques-22_correct-1,,Atanques,22_correct,⊘,⊘,,,,,,,
Damana-22_correct-1,,Damana,22_correct,nɨnaie,nɨnaie,,,,,,,
Ika-22_correct-1,,Ika,22_correct,"ta, ˈta-kɨʧɨ ",ta,,,,,,,
Kogi-22_correct-1,,Kogi,22_correct,hiˈən,hiˈən,,,,,,,
Pech-82_near-1,,Pech,82_near,bàːk-í ,bàːk-í,,,,,,,
Atanques-82_near-1,,Atanques,82_near,<mohteyéne>,<mohteyéne>,,,,,,,
Damana-82_near-1,,Damana,82_near,kɨsˈwi,kɨsˈwi,,,,,,,
Ika-82_near-1,,Ika,82_near,məˈʧei,məˈʧei,,,,,,,
Kogi-82_near-1,,Kogi,82_near,akˈjo ˈzeŋ ,akˈjo ˈzeŋ,,,,,,,
Pech-33_far-1,,Pech,33_far,"kã̀ːɾa-, pitèntá, tã́jhíː ",kã̀ːɾa-,,,,,,,
Atanques-33_far-1,,Atanques,33_far,⊘,⊘,,,,,,,
Damana-33_far-1,,Damana,33_far,maˈra-ʒa-nek-ka ,maˈra-ʒa-nek-ka,,,,,,,
Ika-33_far-1,,Ika,33_far,ˈpeikɨ ,ˈpeikɨ,,,,,,,
Kogi-33_far-1,,Kogi,33_far,məlˈde ˈzeŋ-kə ,məlˈde ˈzeŋ-kə,,,,,,,
Pech-94_right-1,,Pech,94_right,"-ã́jɲãʔã, jéstí ",-ã́jɲãʔã,,,,,,,
Atanques-94_right-1,,Atanques,94_right,⊘,⊘,,,,,,,
Damana-94_right-1,,Damana,94_right,zu-nɨn-ka,zu-nɨn-ka,,,,,,,
Ika-94_right-1,,Ika,94_right,ˈdu-riɡən,ˈdu-riɡən,,,,,,,
Kogi-94_right-1,,Kogi,94_right,aˈsẽʒi,aˈsẽʒi,,,,,,,
Pech-69_left-1,,Pech,69_left,-jáɾwiʔ,-jáɾwiʔ,,,,,,,
Atanques-69_left-1,,Atanques,69_left,<surdétu>,<surdétu>,,,,,,,
Damana-69_left-1,,Damana,69_left,no-ˈnɨn-ka ,no-ˈnɨn-ka,,,,,,,
Ika-69_left-1,,Ika,69_left,ˈɡənsin,ˈɡənsin,,,,,,,
Kogi-69_left-1,,Kogi,69_left,alduˈsani,alduˈsani,,,,,,,
Pech-7_at-1,,Pech,7_at,-jã́ (Holt 1999:32),-jã́,,,,,,,
Atanques-7_at-1,,Atanques,7_at,⊘,⊘,,,,,,,
Damana-7_at-1,,Damana,7_at,⊘,⊘,,,,,,,
Ika-7_at-1,,Ika,7_at, -ekɨ,-ekɨ,,,,,,,
Kogi-7_at-1,,Kogi,7_at, -xa,-xa,,,,,,,
Pech-65_in-1,,Pech,65_in,asàʔakán,asàʔakán,,,,,,,
Atanques-65_in-1,,Atanques,65_in,⊘,⊘,,,,,,,
Damana-65_in-1,,Damana,65_in,⊘,⊘,,,,,,,
Ika-65_in-1,,Ika,65_in, -seʔ,-seʔ,,,,,,,
Kogi-65_in-1,,Kogi,65_in, -ˈaldi,-ˈaldi,,,,,,,
Pech-201_with-1,,Pech,201_with,"-jó, -wá (Holt 1999:33, 64)",-jó,,,,,,,
Atanques-201_with-1,,Atanques,201_with,⊘,⊘,,,,,,,
Damana-201_with-1,,Damana,201_with,winɨn,winɨn,,,,,,,
Ika-201_with-1,,Ika,201_with,sin,sin,,,,,,,
Kogi-201_with-1,,Kogi,201_with,ˈnaʃ-ĩ,ˈnaʃ-ĩ,,,,,,,
Pech-3_and-1,,Pech,3_and,⊘,⊘,,,,,,,
Atanques-3_and-1,,Atanques,3_and,⊘,⊘,,,,,,,
Damana-3_and-1,,Damana,3_and,⊘,⊘,,,,,,,
Ika-3_and-1,,Ika,3_and,⊘,⊘,,,,,,,
Kogi-3_and-1,,Kogi,3_and,⊘,⊘,,,,,,,
Pech-64_if-1,,Pech,64_if,-mãʔ (Holt 1999:70),-mãʔ,,,,,,,
Atanques-64_if-1,,Atanques,64_if,<kuá>,<kuá>,,,,,,,
Damana-64_if-1,,Damana,64_if,⊘,⊘,,,,,,,
Ika-64_if-1,,Ika,64_if,⊘,⊘,,,,,,,
Kogi-64_if-1,,Kogi,64_if,⊘,⊘,,,,,,,
Pech-11_because-1,,Pech,11_because,-ɾás (Holt 1999:71),-ɾás,,,,,,,
Atanques-11_because-1,,Atanques,11_because,⊘,⊘,,,,,,,
Damana-11_because-1,,Damana,11_because,⊘,⊘,,,,,,,
Ika-11_because-1,,Ika,11_because,⊘,⊘,,,,,,,
Kogi-11_because-1,,Kogi,11_because,⊘,⊘,,,,,,,
Pech-81_name-1,,Pech,81_name,-pĩ́ː ~ -pĩ́ʔi ,-pĩ́ː,,,,,,,
Atanques-81_name-1,,Atanques,81_name,⊘,⊘,,,,,,,
Damana-81_name-1,,Damana,81_name,ʒ-a-ɡ-i-nuk-ka,ʒ-a-ɡ-i-nuk-ka,,,,,,,
Ika-81_name-1,,Ika,81_name,ˈzaʔki ˈnuɡa,ˈzaʔki ˈnuɡa,,,,,,,
Kogi-81_name-1,,Kogi,81_name,axa-ˈʒuk-ka,axa-ˈʒuk-ka,,,,,,,
